1,0.610651377833,-0.459645658189
1,-0.555537034016,0.730968202566
0,-0.584957041494,0.663384599899
1,1.19752256255,-0.694940320343
0,-0.554557303084,0.796669797254
0,-0.524280620684,0.882978375322
1,0.623590031951,-0.782186611986
0,0.0601702535588,0.910675386357
0,0.443282654477,0.647677161685
0,0.628799725121,0.892566295038
0,-0.794410277516,0.243574038338
0,-1.01078176448,0.958953984787
0,0.744346405259,0.896406975255
0,0.999271643673,0.91225056078
0,-0.609919015226,0.50784904226
0,1.13393529845,0.0788467061711
1,1.33014534362,-0.729985965578
1,2.12417272324,0.417723430162
1,0.432837216789,-0.332806101131
1,0.946458146516,-0.542550425449
1,1.25887776359,-0.495588093793
1,1.56587187371,-0.215983504268
0,0.742005631816,0.791863475967
0,-0.758564016598,0.388747303181
1,1.21513248864,-0.523717719039
1,2.20196103685,-0.26666107716
1,1.40945771302,-0.258962161378
1,0.253270606841,-0.278188853798
1,0.681197675769,-0.49097679877
0,-0.796376982856,0.596832683319
0,0.173103213767,1.08933998911
0,-0.642223758067,0.825877700163
0,0.603418492545,0.433743254553
0,-1.17908771204,-0.0426146094612
1,0.160271309828,0.24169313921
1,1.03287478543,-0.632701928136
1,0.524855932932,-0.454150199476
0,-0.755086345149,0.845252572225
1,-0.107878129327,0.0571888917804
1,-0.129681240803,0.390567962962
0,-0.689950998794,0.41671974559
1,0.910831324192,-0.735531890573
0,0.79167988712,0.537528102863
0,-0.490334122564,0.342825236117
0,-0.749015479658,0.520598893974
0,0.878378021105,0.240484686665
0,-0.907353878435,0.754246344673
0,-1.02250510784,0.516031653903
0,-0.446396321173,0.665972862602
1,1.31641506138,-0.414783322193
0,0.503182182324,0.535393155555
0,-0.564052698244,0.941394090932
0,0.226845839636,1.16856757643
1,1.52031139977,-0.049123390951
0,0.276589216104,1.08491262125
0,-0.617717740901,0.706883646637
0,-0.237052582894,0.616454971236
1,0.638716484093,-0.259934211262
1,1.65713651718,-0.454803023563
0,0.291622197444,0.846536380936
0,0.837000338376,0.407659368701
0,0.712713429701,0.873217348439
0,-0.834847794973,0.368813674065
1,2.04372217885,0.0162852223633
1,0.633537771035,-0.304417999998
1,0.442448491719,-0.284917394674
0,0.784072391451,0.38146690359
0,0.848844489931,0.929308085851
0,-0.526363049647,0.858345361346
1,1.85652541263,0.244786252707
1,0.191783780415,0.215733891901
0,-0.519937645806,0.595440105021
1,2.02579805484,0.244986304126
1,0.351203245414,-0.478526054335
1,0.713469853792,-0.284389007408
0,-0.599509790021,0.984496806564
1,2.07172686618,-0.155190994728
0,-0.684200497275,0.686893206798
0,-0.950859992581,0.451399349309
0,-0.926615568525,0.0415870553827
0,0.687297736161,0.919618877946
1,2.05923340448,0.190781591934
1,1.92335418066,0.402360779443
0,0.26046757964,0.401638073456
0,0.877579006893,0.679204988535
0,-0.61444251451,0.582399429452
0,-0.614586051963,0.672041673853
1,1.08556638487,-0.547190247436
0,-0.391165685415,1.35760170302
0,-1.12797041702,-0.197891360501
1,1.8144108127,-0.201810232393
1,1.68055447355,-0.184505370432
0,-1.12806040094,0.913689130259
0,0.654289558908,0.583497429923
0,0.528175689386,0.80780540229
1,0.165345847613,0.0770720034223
0,-0.0520532450577,1.02442360955
1,0.0771029312393,0.335206915372
1,-0.237910812622,0.344771745476
0,-0.750943526496,0.414921861738
0,1.31130443712,0.532164277812
0,-0.449114712696,0.879589755328
0,-1.07418606402,0.528280983165
1,0.558694648078,-0.439297534946
0,0.807124450586,0.514667330695
0,-0.724023042115,0.176520265669
1,1.8849190517,0.301195838103
1,2.3082061414,-0.0136863885804
0,0.984174090038,0.597450934908
1,1.21956934223,-0.500163056114
0,-0.71031445325,0.526414834462
0,-0.622801433816,0.640597808325
1,1.73753132719,-0.21173528317
1,0.0334183269739,0.0731280576337
1,0.429534419423,0.601323326358
0,-1.0035032138,0.388260575197
1,1.75339928898,-0.173890019012
0,1.08341359956,0.60310024006
0,-0.698815070886,0.646948405772
1,1.66513217794,-0.162783974661
0,-0.97367572011,0.408404263004
1,0.671896595397,-0.247751962679
0,0.186416082376,0.679144884962
1,1.7809614641,-0.0566359823001
0,1.08260195867,0.0574610931523
1,1.8744615431,-0.0777287548604
1,2.05682830667,-0.277228310212
0,-0.593233820222,0.895343562188
1,1.41938070879,0.161856660822
1,1.90754198171,0.111766114573
1,0.0248039893931,0.459555095481
0,-0.995565695185,0.323328325571
0,0.174689044751,1.10511123768
1,1.08350431576,-0.608875985547
0,-0.0468218530414,0.564493210527
1,0.514242587481,-0.152014318523
1,-0.00737591516534,0.39925864972
0,0.30005821639,1.12886227688
0,1.10327336506,0.106980729315
0,0.303842689871,0.963213618187
1,1.39173727868,-0.543757101584
1,2.2285409633,0.287366024717
0,-1.15301884294,0.0121474073499
1,0.507628262117,-0.490875064814
0,-0.4998416972,-0.0880365233796
1,1.86116682814,0.184726153804
0,-0.671503524544,0.676765434405
1,0.732576908015,-0.559507430166
0,0.974426570726,0.355088828071
1,0.237656177422,-0.456617878579
1,0.357168271055,-0.329366415301
1,1.0521564351,-0.472031144764
0,-0.661049045986,0.694188625777
0,0.110060639334,0.974468169524
1,0.0645190268636,0.0886942908457
1,1.4110220922,0.0438016927614
0,-0.240840332503,1.06958825827
1,1.18787185319,-0.429736941002
1,1.61216891242,-0.144075494629
1,2.02770910882,0.438869241941
1,0.098248945499,-0.021961806295
1,1.24959592648,-0.590540814858
1,-0.0939778967564,0.525338847161
1,-0.0391072384107,0.167100290262
0,-0.861398801758,0.350344223039
1,0.148114241754,-0.55052890239
0,-1.08930119523,0.0859671650856
0,0.817320698762,0.598537993013
1,1.45653219298,-0.249990283063
1,0.923152097586,-0.488297436664
1,1.15818566421,-0.480681225622
0,0.50246731653,-0.0995271468624
0,-0.759851157776,0.616255518969
0,-0.0680476885577,0.946270968269
1,0.15651749349,-0.00904682546143
1,2.01397746584,-0.179615680055
1,0.192323149092,0.0975851678483
1,0.990533606553,-0.499099300219
1,1.47591618747,-0.414618507901
0,-0.594123712895,0.470564713391
1,0.767014428591,-0.44139014985
1,0.689500567854,-0.121403991257
0,-0.716537775613,0.864075810395
0,-0.859347912976,0.356487173989
0,0.220468264567,0.971556703241
0,1.04614150331,0.173062810499
0,0.0746255424237,0.999573170135
1,0.484006782576,0.140168124124
1,0.339630038094,-0.103571381623
1,0.899888861513,-0.55894863538
1,0.216822862666,-0.345472218357
1,0.391631974919,-0.108648765038
0,-0.509156544219,0.897661242576
0,0.382552662377,0.907548148408
1,0.616442316222,-0.0665722484343
1,0.655745177439,-0.337152958264
1,0.310378404191,-0.0620632340722
1,1.63887613698,0.191947507711
0,-0.774736245239,0.308623887588
0,0.18830504108,0.741977432476
0,0.89737525379,0.41451114072
1,2.22826968236,0.47146421221
0,0.123597543095,1.22460184073
0,-0.106537513998,1.07328115331
0,-1.09042185016,0.147845917904
0,0.71455723091,0.645469038755
0,-0.614124901156,0.349330336893
1,-0.0712300393899,0.458198922669
0,-0.432936899424,1.03499146189
0,-0.900456389627,0.355094756779
1,1.56405994713,-0.418941329566
1,1.25385148128,-0.452767994875
0,0.307485823478,1.16718948702
0,-0.170833984821,0.854115320488
1,-0.100949630127,0.555110524785
0,0.935981132953,0.70195846334
1,1.51659171032,-0.2550820625
1,1.58139870078,-0.351280550663
0,0.241253245908,1.06793552713
0,-0.370207137509,1.1369342073
1,1.15809065138,-0.179200896121
1,1.05711652419,-0.851431542583
1,0.340760934065,-0.372496546252
0,0.919073870512,0.013614466724
1,0.32154846448,-0.443878696011
1,0.445362121397,-0.0854910823595
1,0.604601839319,-0.483470717869
1,-0.00554092562756,0.0223613576177
1,0.526534617781,-0.24363320196
1,0.159707792407,-0.398858649022
1,1.55507651832,-0.123831627547
0,-0.0960210432322,0.583832985876
1,0.456240567145,-0.075548220598
1,1.19563080916,-0.308890127072
1,-0.31039221877,-0.101879484833
0,0.0645431054827,0.922901306087
1,1.64844567129,-0.498498878207
1,1.81526733004,0.376899743825
0,0.310868641157,1.03687130256
0,0.613725775698,0.951572020715
1,2.02410625501,0.314678666147
1,1.56688553742,-0.406019762679
0,-0.776476368492,0.518580711442
0,-0.796494354211,1.48983381065
0,0.524159273215,0.893853392976
1,1.286623764,-1.0393715865
1,-0.0343739204357,0.192709167606
1,2.13529581468,0.50039265569
1,1.87780936697,-0.275576513944
0,-0.652833997145,0.632650695661
0,-1.19948193512,0.338233766774
1,1.04325537442,-0.378958989821
1,1.40550609358,-0.22348505772
0,-0.463985913223,0.769482361384
0,-1.16160301451,0.542182871044
1,0.875777839611,-0.699828036802
1,0.47201965467,-0.223942635455
0,0.297437640431,0.876831450842
0,0.484869875199,1.13172595808
1,1.67266686019,-0.392079161925
1,0.843918615448,-0.66644065269
0,0.181307291869,1.0653476232
1,1.99961378405,0.454347140865
0,0.122504317519,0.831554868081
0,0.957170939434,0.839782857027
1,-0.00734435117528,0.422618653578
1,1.85548584645,-0.243209037279
0,-0.240329091053,0.946595494764
0,-0.145323948446,1.01955729719
0,0.974018793943,0.28499940422
1,1.60256359007,-0.364257757182
1,1.94588478247,-0.191203276585
1,-0.271556967183,0.100114081718
1,1.78420301544,0.213630825294
1,0.330058120499,0.0911573522541
1,1.73891086039,-0.628008429959
1,0.233689754142,-0.326341064717
1,2.1198617188,-0.0973915995892
0,1.47433817071,0.0638272519302
0,1.01456789157,0.733117964481
1,1.69087738771,-0.517473100692
1,2.09879113391,-0.0543092496293
0,1.15377593085,0.169941762373
0,0.833457318202,0.519592129313
0,0.956563003202,0.799701215153
0,0.034959833931,0.994619485048
1,0.764606831473,-0.180548878735
1,0.736555035732,-0.479776236052
1,1.49356778882,-0.232884564013
1,-0.544831104239,-0.179916928081
0,0.268930412877,0.752837965376
0,-1.04755339421,0.39309005433
0,-1.14943402334,-0.0725523302563
0,0.409742668232,0.772445674641
0,0.841355887559,0.478888143756
1,0.271166740221,0.077529511697
0,-0.843345456058,0.489805414297
0,0.0486537637147,0.750345300318
1,1.65576207324,-0.374926323191
0,-0.877502881279,0.655780687278
1,0.285070205727,-0.511868832326
1,0.17833157064,-0.0378125138616
1,0.654953855814,-0.219411781355
0,-0.821828637003,0.561499506931
0,-0.894683909313,0.183379444681
1,1.41770330994,-0.184721039505
1,2.03895278389,0.223261243401
0,0.395247744596,0.615078490958
0,0.494817170127,1.145969274
0,-0.11344217128,1.51346105475
1,1.95721555402,-0.127706106749
0,-0.493482887832,0.61904124296
1,2.05176306868,-0.0133352318197
1,1.16511862888,-0.415314681136
1,2.30328658893,0.186284591157
1,1.13294814088,-0.48062010618
0,1.14729841949,0.395765420776
1,0.0302027335837,0.0258255678286
0,-0.287741525135,1.15602376055
1,0.0637442533539,0.248471872823
1,0.512957088724,-0.300567004334
1,1.83646100735,-0.144363483269
0,-0.678779448417,1.201860096
0,-0.841288007564,0.216391302471
0,0.769785332908,-0.276273470772
1,1.01113969152,-0.144546999018
0,-0.857929722505,-0.133706003096
1,1.37904440021,-0.00963348909162
0,0.366977564592,0.910407923871
0,-0.853156446638,0.452994554705
1,0.102294516302,-0.0997475292176
0,-0.460208012717,0.98613607736
0,0.803277660797,0.112884906132
0,-1.02575260649,-0.125138911665
0,0.399828160189,1.09530436252
0,0.582370448571,0.773088843373
1,0.795866870873,-0.406920992821
1,1.80031032681,-0.0240934988775
0,-0.804749225138,0.812651654707
0,1.39652026222,0.28855616383
0,-0.247327846475,0.956870252715
1,1.32098924463,-0.798963716121
0,-0.331635947943,0.767491857091
0,0.640350928328,-0.0458291004408
1,1.80660680977,-0.272502880724
0,0.519653006297,0.972032539046
1,1.40077163696,-0.541750669372
1,1.67840776237,-0.530886365836
0,-1.07397595792,-0.197703719238
1,0.123551363245,0.418468398723
0,-0.761503660316,-0.122356283589
1,1.39866882722,-0.548155433839
1,0.750745317978,-0.19620563414
0,-0.900766528005,1.10066400127
1,1.14712527902,-0.94270449566
1,0.00338879834166,0.284266849173
0,1.15542830165,0.512263261085
0,-0.511574244046,0.86701093593
1,0.310499350062,-0.0544704477414
0,-0.611912759424,0.975032786376
0,0.777664630724,0.388664006739
0,-0.257906603537,1.05936974285
1,1.85535868164,-0.00421267662187
0,0.887888557315,0.0228944883336
1,0.313680123515,-0.465685293448
1,0.936021668099,-0.282353233193
1,0.148322696764,0.165790363082
1,1.64517368133,0.218629244939
1,0.424700503628,0.329672587251
1,0.768278996604,-0.572760302704
1,0.617779990926,-0.195722847817
0,0.318011830669,0.935787417234
0,1.24185663417,0.580733002023
0,0.00544704441306,1.19764082318
1,1.30658711871,-0.679783990048
1,0.068617538721,0.304684647882
0,0.995084089476,0.243542494861
1,0.473401967353,-0.131249671758
1,0.776035568371,0.00461758545915
0,-1.1685145566,0.180645604966
0,-0.522766438185,1.11573040231
1,1.01253523261,-0.516125739146
1,2.14123900918,-0.295693137006
0,-0.845969277035,0.64009958082
0,0.53400507397,0.814511662428
0,-0.987440571283,0.884818637229
0,-0.517513828784,0.411465408605
1,1.63348562264,-0.300043503517
1,0.130083007764,-0.048830759206
1,1.59351496668,-0.127607942796
1,1.01606080158,-0.314697052691
1,1.28772818982,-0.186781382604
1,0.13498771543,-0.540630426563
1,0.434260903462,-0.346925896052
1,1.4043362089,0.319038218099
0,-0.699295711216,0.519896107416
1,0.138383328024,-0.360648611594
0,-1.15842096405,0.193480459884
1,1.46203795649,-0.560153707037
1,1.07299879201,-0.691793035248
0,0.251300135549,0.645593301774
1,1.63520168675,-0.400324058686
1,0.0432296760136,0.0601497343867
1,1.50041203317,-0.335007135688
0,0.68021044246,0.33203515262
1,1.19830354672,-0.167117381563
0,-1.25222206299,0.274542351051
0,-0.525132498466,0.933404554823
0,0.385798823054,0.937013341655
0,-0.926359783099,0.387835381283
0,0.855990075579,0.289202309601
1,0.491457080237,-0.23211955978
1,1.46327261298,-0.455465259438
1,-0.351143400259,0.25096062268
0,0.230321607357,0.916118676724
0,0.417627362241,0.846494452443
0,0.228088502915,0.654342735891
0,-0.161918506778,0.962875634194
1,1.83003697273,0.0995466395543
0,1.25751317364,0.663756697941
1,1.36719662786,-0.100268498828
0,-0.197586862678,1.20132778395
1,1.87553109573,-0.0928055144819
1,0.995699705946,-0.270066555195
1,0.274391046921,0.0254265201515
1,1.0655434386,-0.375228000702
0,0.583299331087,0.717910594879
1,1.3859273483,-0.582190840923
0,0.517148150336,0.697721022699
0,-0.175058792349,1.31960084789
0,0.724079397228,0.729140661233
1,1.75599789738,0.344056007989
1,-0.211735663562,0.247547912361
1,1.22235550548,-0.382571203986
0,0.333375825166,1.33725558973
1,0.38213966105,-0.119316188309
0,-0.31528325458,0.854139422221
0,0.515545778549,0.934367068156
1,0.372824081704,-0.227699995055
1,0.607474232283,-0.0262334421
1,1.06261701077,-0.376876480193
0,1.00526107603,0.250005970205
1,0.27571461143,-0.311996722791
1,0.180486202425,0.28103919801
0,0.875889813878,0.168704865254
1,-0.110671213908,0.534863563868
0,-0.46698779017,0.881735645125
1,-0.112546252183,-0.109413771103
1,0.724916179043,-0.725982540145
1,0.133281825502,0.350105271928
0,-0.08029265682,1.16330967597
1,0.804848216208,-0.359667595636
0,1.07216202706,0.294695548277
0,0.753386339073,-0.0363776730486
0,-0.762800800573,0.582475645095
0,-0.0703885868955,1.31452251817
0,1.34920457713,0.281104763966
0,0.0693618437937,0.508690433584
0,-0.248629499241,0.613591217898
0,-1.1915001982,0.197672449092
1,1.86445539652,0.768312651654
0,-0.575535776965,0.900809531027
1,0.304955439516,-0.446606834468
1,0.475170118903,-0.332956434811
1,1.94324410039,0.268639592855
1,-0.110825718891,0.445161466679
1,0.181649145011,-0.40037364193
1,0.130586934374,0.176633308458
1,2.1826994705,0.311228071458
1,1.13368476335,-0.787133346308
0,1.07638172446,0.941687770003
1,0.264951293005,-0.175103682122
1,2.03393432642,-0.0403892286027
0,0.767509875266,0.358546445377
0,-1.12789351261,-0.105934909948
0,-0.25994986645,1.26320715808
0,-0.981147058501,0.706122538702
0,-0.45369234869,0.992899420659
1,1.64710796451,-0.0169148674959
0,-1.29307353001,0.112234589108
0,-0.841914493897,0.636596182796
0,0.0748466692582,1.04143039246
1,1.11473903017,-0.686500319471
1,0.250923828488,0.166437769863
1,1.56310918639,-0.327666705118
0,-0.876020105296,0.48609925565
0,-0.279077072337,1.02893403063
1,1.0218603129,-0.497773409147
1,1.68646523551,0.221326783179
1,0.498234799312,-0.18735953882
1,1.89962066269,0.361042643083
1,1.44626994544,-0.270282054049
1,0.523111447748,-0.661954261175
0,0.194527638796,1.20005231344
0,0.701621180548,0.0710351338436
1,0.113260198634,-0.226100044282
1,2.09510893632,0.128685785551
0,0.722154996797,0.148361621315
0,0.594175895066,1.00841795625
1,0.0126427059127,0.632283877315
1,1.67457143901,-0.382465509724
0,-0.342713466361,0.863381093767
1,1.7127111748,-0.311539407332
0,-0.84720855502,0.671862917045
1,1.61177677736,-0.347351164828
1,1.47946504165,-0.318636760104
0,-0.165589545923,1.25838161613
0,-1.02024854013,0.625740976609
1,0.0455794343137,0.385528224828
0,0.382684584873,0.98495198275
1,1.24317348786,-0.346155791212
1,0.311645929259,0.0358175265632
1,-0.0395242490501,-0.231364096004
1,0.120005615158,0.178792758776
1,0.402128065335,-0.348969095032
0,-0.585786058553,0.287316373358
0,-0.980017050732,0.896133138782
1,2.0179844311,0.156035041337
1,1.92678816224,0.906243783505
1,1.21406870519,-0.432248675508
0,-1.10217067566,0.456761516264
0,0.474927603397,0.76360399044
1,2.20350723104,0.486950050262
0,-0.252748258766,0.877479132518
1,0.363963773797,-0.324065547488
1,1.47303932652,-0.336310198073
1,1.62747018014,0.0383321281351
1,0.473330455608,-0.365688551131
1,0.723883114509,-0.241292444543
1,1.27661319046,-0.465353071751
0,-0.451665304794,0.602540074452
0,1.25438626892,0.234804047662
0,0.404842880206,1.10780015436
0,0.524249070391,0.782753964009
1,0.566327534617,-0.714135962155
1,0.667915744431,-0.0339340363948
0,-0.433982378379,0.986144932652
0,-0.0617982289104,0.727868051239
1,1.73608990255,-0.216442125307
1,0.036749431102,0.202106867046
0,0.722257751254,0.483134815906
0,-0.925994233148,0.724387993125
0,0.93723549833,0.352765437584
1,1.83361286389,-0.155132864084
0,-1.42877416471,0.327980760613
0,0.692504594453,0.687917609026
1,1.01272020121,-0.476221039151
1,2.11361758633,0.196414775424
0,-1.15026159833,0.355121458541
0,1.1287977519,0.573412538411
1,1.02846306739,-0.397296061216
1,1.28010267252,-0.20766299675
1,0.101603982797,-0.312899594627
1,1.28997311085,-0.436914681789
1,1.8029084697,-0.254880855385
1,0.119166173722,0.0623572184586
0,0.878707119928,-0.120995171042
1,0.266695394991,-0.408330860402
1,1.87070371944,0.262801779847
1,0.963552119251,-0.483182676114
1,0.0581138144432,0.326528809987
0,0.941617005937,-0.100379254098
0,-0.0198910317391,0.830111986228
1,-0.115709817006,0.345410099015
0,0.683080014197,0.572971066853
0,-1.13638040662,-0.089147970168
1,0.232850698839,0.0536825921821
0,0.069313833891,1.12610110374
0,-0.664049338407,1.01757255635
1,0.878301378132,-0.320962736659
1,1.46829301469,-0.685476022232
0,1.15241156615,0.16379568937
1,1.63114427001,0.117373655662
0,1.07188449622,0.542286295916
0,-0.675256806806,0.813276285843
1,1.42845961011,-0.146603131499
1,-0.062310769756,-0.0284869137604
0,0.476586708197,0.806038561944
0,0.366945508063,1.09988141363
1,1.8690770533,0.204772553635
0,-0.601603181451,-0.0515108115971
0,0.915483212698,0.0497560962032
0,-0.750972497782,-0.134142459579
0,-0.718013830815,0.756814055132
0,-0.655056189887,0.688028887968
1,1.60267982525,-0.10434207821
0,-0.185113886971,0.941182910663
1,-0.0861079130056,-0.40742393382
0,0.504780290271,0.945770731576
0,-0.345538222339,0.89275745637
0,0.373483895144,0.77232198869
1,1.80934820119,-0.260137199761
0,-0.586977658065,0.937578436966
1,0.765416291409,-0.326676382758
0,-0.0749336982573,0.966968785316
1,1.55962294273,-0.193912957406
0,1.02360403735,0.455547053126
1,0.244229863884,0.0757240921061
0,-0.506856570195,0.913819077846
1,0.940962846537,-0.380381183891
0,-1.13999025091,0.414205729241
0,-0.920126993618,0.175249318026
1,2.32744108737,0.391266987357
1,1.28741540025,-0.147523639132
1,0.150307261,-0.521174880677
0,1.09160215485,0.0773538823135
0,0.296014805694,0.743531529409
0,-0.279296415417,1.02704445036
0,0.997070842361,0.668961748797
1,0.567541504648,-0.663504087819
0,0.327562877865,0.91089758673
1,0.725859423898,-0.45665490624
0,0.0390306183058,1.17320989876
0,-0.212598610474,1.30725602435
1,0.184178319302,-0.407829479477
1,1.35857433328,-0.43473492333
1,1.05595914821,-0.625161633949
0,1.05323285904,-0.23985733068
0,0.939464398338,-0.26291887286
0,0.60689517805,0.507151452598
1,2.04460735037,-0.135270504389
1,0.243172141852,-0.415010676677
0,-0.740547736254,0.9511627364
1,0.331876236278,0.0908437932971
0,0.681511107244,1.06678617584
0,-0.717382878568,0.332323130917
1,0.141385233184,0.101180033126
0,-0.966258977246,1.16214465616
0,-0.614777327074,0.540647456662
1,1.80448314772,-0.285275990958
0,-1.02855343869,0.47102092963
0,0.752609125879,0.0786694488768
0,-0.419039288316,0.638042227864
0,0.70472345459,0.695986521148
0,0.236546366044,0.688826068592
1,0.00823494010871,-0.090706261574
0,-0.763376907902,0.382172613362
1,0.229679139589,-0.0226427774086
0,1.00614302192,0.481830157594
1,1.05735157745,-0.217808687281
0,0.317431926893,0.980161399814
1,2.21657204718,0.0999795048063
1,2.01834829958,0.322981018963
0,0.877939628,0.276196674863
0,0.779979154128,0.520519469138
1,0.219450049231,0.113607833279
1,0.461643874041,-0.217651821969
0,-0.443733070956,0.911146756718
1,0.305453042028,-0.0030088641706
0,-0.0906673367502,1.06626519948
0,-1.0421583418,0.909924252826
0,0.715265229867,0.591057700636
1,2.3628747653,0.784698368687
1,1.86854771829,1.14294021209
1,0.0080510226335,0.328013263976
0,-0.44996250383,1.10020953023
0,0.500863674003,0.744174882481
0,-1.24899272215,0.182439332986
1,0.225113524617,-0.048087132906
0,-0.490029903676,0.853853397361
1,1.51624097034,-0.824865779165
0,0.436784806542,0.953452831374
1,-0.029846044338,0.00492480134891
1,-0.283021733793,0.120464084311
1,0.334131551776,0.0379706575259
1,1.796547616,0.436079262559
0,-0.148221636061,1.10330774299
0,-1.00113168756,0.622987988001
0,1.02307233662,-0.335150734943
1,0.195603353644,0.216303366814
0,1.43253500021,0.151986941736
0,0.605611933344,0.742019390968
0,-0.816286585352,0.0257785670738
0,-0.836433285753,0.885090833516
0,-0.632836894827,0.991225054299
1,0.284513143059,0.695373307682
1,2.17680881301,0.305719982797
0,-0.373751270561,0.136850602048
0,-0.450040389431,0.647450604115
0,-0.709133764883,1.27428413389
0,0.838550951713,0.173233763203
0,0.611059805859,0.928275382602
1,0.150332189632,0.685602954314
0,-0.674025550745,0.262830127435
1,1.06303641619,-0.38762011455
1,1.75307259205,-0.41588159766
0,-0.94031986475,0.0361683726226
0,-0.866247322084,0.465076793315
1,1.98140310578,-0.0642398360253
0,-0.654792887411,0.470807133302
0,0.786207219119,0.954688098647
1,2.04663600978,-0.195667619569
0,0.44233815669,0.920531079871
0,-1.04023332889,-0.00370776849098
1,1.24717602633,-0.428254708831
1,0.222868525667,-0.0561852493432
1,1.22517569345,-0.682500957609
0,-0.583244529638,0.789910005697
1,1.69454304459,0.278387463497
0,0.775646909221,0.423945440526
1,0.0849539079928,0.199962093981
1,0.272671945088,-0.274572445591
1,1.29916637464,-0.364211627182
0,0.48453449257,0.921042374705
0,0.0270978674933,0.757496584999
1,1.59277067244,0.286313710498
0,0.377375492862,1.181921695
0,0.775306642783,0.957045022908
0,-0.419061142003,0.831262640174
0,-0.95861441845,0.201982362625
0,-0.100605647014,0.967420323604
1,0.643357704142,-0.511077124556
1,0.587418265104,-0.785357900011
1,1.48357524364,-0.396802703747
0,0.563121432217,0.885199028988
1,0.6857301469,-0.395945015729
1,0.239970280293,-0.592079521362
1,2.29664722227,0.327587737816
1,1.05440637836,-0.256168668548
0,-0.461742667366,0.817895099184
0,0.72476938659,1.27592975661
0,0.608913478203,0.709274546201
1,-0.120397769029,0.499941377414
0,0.548986104882,0.651814087495
0,-0.13056977044,1.00853339114
0,0.328186016981,0.55719966648
1,2.10160938354,0.449238466411
0,0.819694143779,0.649700630031
1,0.817750851938,-0.736462861398
0,-0.53343554418,0.321647527653
0,-0.277301294781,1.19601039667
0,0.57573595938,0.358040396276
0,-1.01564332587,-0.0231733642292
0,0.191540902156,0.873380288435
0,-0.121676886382,1.14565383024
1,1.23466737755,-0.0467580158195
0,-0.272314613702,0.889274785038
1,0.54266971028,-0.0989614607537
1,2.13878350247,-0.598148865447
0,0.553067801675,0.442070926293
1,0.0964651555771,0.462231983916
1,0.182680293406,-0.394399473356
1,-0.00354501373429,0.546645955538
1,-0.181048829725,-0.0718354324972
0,0.873575547589,0.641753948073
0,0.920834706444,0.300467670284
1,-0.0529472401967,0.271187936463
1,1.60739803452,0.265666877637
0,0.728791671896,0.14024067206
1,1.17641365871,-0.664797718839
0,-0.964419682754,0.500676741037
0,0.907385669503,0.382972007347
0,0.251059400717,1.11030423081
1,1.47988757966,-0.447054740776
0,-0.758169416501,0.528151545217
1,1.73424192083,-0.324507549144
0,0.245671400425,0.82422633911
0,-0.429550886573,1.12197257955
0,-0.27542293027,0.810475150685
1,1.6136160218,0.153584174008
0,-0.0364203534195,0.643329065903
1,1.87032850544,0.264687761315
1,1.64665406506,-0.0715955275877
1,1.34761453386,-0.498449324861
0,0.750454725987,0.682282577576
0,-0.40529589212,1.05947407655
1,1.29658123941,-0.358122768278
0,0.767807121427,0.858775245595
1,0.899855246154,-0.368974789435
1,1.72637766098,-0.701913302256
1,1.72225931991,-0.145608397045
0,-0.888787563903,0.352584797269
1,1.51106189242,-0.0585899514716
1,0.467130891701,-0.659543433623
0,-0.70587712718,0.571910707176
0,-0.946889821322,1.13514055188
1,1.22486660003,-0.569084620241
0,-0.238847387446,1.04417477896
0,-1.01501008604,0.0684030964138
1,1.91425031315,0.24315145725
0,0.911005979,0.219982050541
1,-0.139077638601,0.116623050709
1,0.553549195644,-0.385856834247
1,0.565333159479,-0.560795599004
1,0.473075426489,0.126854172091
1,-0.394634699932,0.0419245924776
1,0.121298926538,0.00476803359804
1,0.788610118558,-0.400875873293
0,-0.437775741386,1.17262677566
1,0.0437671408755,0.423778122147
1,1.75242450308,-0.0456514820586
0,0.420589727027,0.830444965666
1,1.26510274266,-0.639053470457
0,0.831125653607,0.653312103084
1,-0.074967428747,-0.0471287201756
1,-0.017247149237,0.127130812156
1,-0.000132865737498,0.367981552749
0,-1.11608500331,0.312519019788
1,0.760059617544,-0.403098395891
1,1.3967814879,-0.635417174546
0,-0.645338941903,0.957399164057
0,0.677701451987,0.534288084189
0,0.167697820553,1.10884844367
1,1.43560034152,-0.592495209625
0,0.694694531906,1.17277217345
1,0.579690344226,-0.0687321074898
0,-0.286744927584,0.965941778353
1,-0.196442278443,0.123973744885
1,0.155039335611,0.00942838068634
1,1.73243497129,-0.159076855805
0,-1.25631686282,0.613283168695
1,0.391521529678,-0.455148792891
1,1.92434382015,0.14235813323
1,1.92469638253,-0.0204096377208
1,0.0289488907993,0.502429878967
1,1.80832606252,0.338069683138
1,0.709676123989,-0.72627869976
1,0.554195530254,-0.408857644818
1,0.672154594539,-0.837130766017
1,0.910190199695,-0.230150284377
1,2.1763310944,-0.163987588175
1,1.47356255941,0.159721121436
1,0.392633504766,-0.145216415272
0,1.03304897656,0.0634573165647
1,1.7556439996,-0.48515890695
1,1.16884797384,-0.191926737235
1,0.179451810874,0.126270127203
1,0.802503199279,-0.442407846091
0,-0.511532766628,0.859746094473
1,1.932704759,0.331201030093
0,-0.766213999421,0.489217999537
1,0.419021117866,-0.187843254439
1,0.80508812329,-0.193308999673
0,-0.938836831682,0.105077295498
0,-0.830553381265,0.644273771709
1,0.517449006758,-0.212462998134
1,0.618230750185,-0.378355868079
1,0.0197754769003,-0.444546847049
0,0.733163084017,0.364748758566
1,-0.257210152825,0.284990467327
1,1.26119742295,-0.773220164941
1,0.140699997257,0.382469340037
1,0.162334688471,-0.0772397068433
0,-1.00300419093,0.270257676065
0,-1.05664428025,0.396727118418
1,1.59191403287,-0.356176170341
0,0.531711232175,0.560183862336
0,-0.752448749334,0.876054595218
0,0.538265596579,0.687199394595
1,1.16114781029,-0.765075004928
1,0.294684655795,-0.155255457173
1,2.10858293816,0.438530781328
1,0.779195491698,-0.194651353172
0,0.0780547402164,1.39810953906
1,1.54369882338,-0.146754742776
0,0.391556430178,1.01332739458
0,-0.377115862001,0.606688685982
1,1.46580144618,-0.203703172544
1,1.95401860437,-0.370339426282
0,0.0688364463226,0.950589456773
0,0.908399842355,-0.247629132834
0,-0.106680841268,1.10200193796
1,1.02219489487,-0.526647873373
0,0.0330705706119,0.97442633621
1,-0.190483018649,0.277561007042
1,0.510450610805,-0.0958574247186
1,-0.0713569296153,0.30988254514
0,-0.848999403924,0.729133890941
0,0.565801657576,1.02141151156
0,-0.754964642002,0.45750807598
0,0.629116889676,0.890932684749
0,-0.994270149559,0.858000165021
1,2.27488160618,0.331681574879
1,1.29916493847,-0.543097969797
1,0.478874600551,-0.272410334756
1,1.60199406025,-0.0436429426239
0,0.656735557617,1.05496841772
0,-0.768533849414,0.351782309413
0,0.632559322563,0.524577761949
0,0.414710784723,0.724253180781
1,1.71977630013,-0.236238285152
1,1.11447156324,-0.607484261996
0,-1.02262265738,-0.00662355147257
1,0.613067826213,-0.116061348243
1,0.772445086919,-0.620551908934
1,1.45903539349,-0.392173656974
1,0.612299299083,-0.257973513983
1,0.526262126355,-0.485241945015
0,0.550846011717,0.788707502263
1,-0.305749415192,0.0380523825016
1,1.0848592877,-0.594515644614
1,2.21252786735,-0.371659798903
1,0.0449005357731,0.805192062235
1,1.39295617542,-0.547609793582
1,2.28975130364,-0.112947366411
1,0.518237769115,-0.513430422195
0,-0.631473414698,0.878176751797
0,0.370756174974,1.08411726795
0,0.667907792807,0.524165228363
1,1.05432388886,-1.05423094813
0,-0.0306596666075,1.24172460985
1,0.248602466299,0.309667951323
1,1.27428538243,-0.101049508974
0,0.563458185347,0.58424237169
0,1.02095000649,0.255407951149
0,0.0771494816131,0.659334715995
0,0.478798742001,0.857551330599
1,1.32340286869,-0.422952710962
1,1.78435427003,-0.265603594712
1,1.62658124399,-0.0251941816982
1,1.98846325784,-0.0769719782524
0,0.316672299728,0.921241439449
1,1.1843940916,-0.481500248625
0,0.48650205636,0.953424070147
0,-0.372133456176,0.742665478789
0,-1.29605242226,0.308079430412
1,0.475846625196,-0.49843356497
1,0.174132136766,-0.119844509642
1,1.37748784034,-0.640219250042
1,-0.0497133580478,0.315765306478
0,-0.787633630536,0.488407405586
1,1.71056179158,-0.206460354658
0,1.25327306223,0.383290400723
0,-0.598024494209,0.453424818969
0,-0.678192675646,0.740062163975
1,0.0946787904625,-0.0434099208578
1,0.327743636717,-0.226145751531
1,2.02303576716,0.0853368341106
0,0.0933683823459,0.935470369355
1,0.109483216343,-0.244968166056
1,2.12447044925,0.333126834021
1,1.96845842568,0.13731991724
0,0.0322383523773,0.763030260618
1,1.44547004523,-0.160478719321
1,2.15161254406,0.0116058521898
1,2.0085565298,0.430371187376
0,-0.275338462344,1.57399755925
1,1.76160998791,0.0344108846974
1,1.73877293144,0.598600666122
1,1.18628190853,-0.564072274577
0,-0.476232000679,0.473856600504
0,-0.146354638012,1.21811904475
0,0.846606692593,-0.0959119878782
1,1.91744662516,0.272395596894
1,0.478649291355,-0.643646632368
1,1.64471753786,-0.22852298811
0,0.104399377178,0.982309786877
0,0.435053090541,0.859010753141
0,0.415483247836,1.15706948638
0,1.08171970051,0.846308866693
1,0.541372215092,-0.15939225543
1,2.20492162838,0.121194117242
0,-0.715426039465,0.727729460773
0,-0.376455179252,0.919085509019
0,-0.607763221958,0.986151979733
1,1.2705150227,-0.719978446188
1,0.367283658893,-0.352431963603
0,-0.405867968279,0.532250198784
0,-0.438995784432,0.725246377203
1,0.956990136348,-0.39919456103
0,0.16891448703,0.79886072597
0,-0.909061368658,0.686269768413
1,0.055139137132,-0.446583346702
1,1.60575196688,0.184671839417
1,1.8394591074,-0.291117482711
0,-0.626147560527,0.283810706006
1,0.261509788256,-0.0167194519115
0,0.944153237795,0.403746392331
0,0.16780185736,0.692233429584
1,2.08137416776,0.369986107359
0,-0.455717030935,1.28834277784
1,1.36209734433,0.0704641116623
1,1.46870496982,-0.460109131584
0,1.15257904591,0.564169285882
1,0.279862951145,-0.454718446508
1,0.0637773856373,-0.159886700715
1,1.08056454905,-0.249289568368
1,1.4717314857,-0.123501539849
0,-1.0120068534,0.141303641009
1,1.32882888161,-0.509066883489
0,0.0935643394823,1.4412946971
1,2.25607026442,-0.0454000929853
1,0.16751272913,0.375980791434
0,0.727910035969,0.60420265023
1,0.0625885325236,-0.199822237738
1,0.171706823351,-0.59420836059
0,-0.660100347865,0.357607015701
0,0.636648626929,0.132096173236
1,0.109577181962,-0.0718152016539
1,1.71198552078,0.139514312671
0,-0.884290746181,0.87775213663
0,0.854460496187,0.431410565998
0,0.922315918202,0.319721091324
1,2.01372918984,0.503543773249
1,1.98349787081,-0.19057775872
0,0.280882155675,0.810858769912
1,-0.159032867699,0.0616118819309
1,2.06306784421,0.136994500058
0,0.822510299316,0.0769158025817
0,-0.653384418499,0.180877036024
1,1.8208536538,-0.302843014715
1,0.344115196889,0.010046687081
1,0.38411994008,-0.607368360294
0,0.260587484606,0.683196144605
1,1.42881870469,-0.432307891126
0,-0.0891575433765,1.09860000244
0,-0.903234746131,0.31813795135
0,-0.377350070854,1.1490518559
1,0.986634874953,-0.233835829429
0,-0.61440446235,0.494402477526
0,1.19072669857,0.238922359123
1,1.41496133464,-0.600248356767
0,0.923283217976,0.181654109752
0,0.0185899886364,0.681138139958
0,1.22541353252,0.606346853953
0,-0.92271603443,0.838317841106
0,0.245606148529,0.71892586387
1,1.34227494426,-0.339729572834
0,-0.99715087654,0.212004078375
0,0.574567209814,0.537294958819
1,0.0150378620003,0.754880461551
0,0.625906062848,0.829206432185
0,0.984106643802,0.685170847007
1,1.99954106177,0.346479291246
1,1.39942035718,-0.613749574043
1,0.7743610733,-0.369017859447
1,0.726711775437,-0.650223376685
1,2.01543465928,-0.121227771742
0,0.882187239518,0.659854172141
0,1.15293287286,0.211115313325
1,1.67605837734,-0.291036930546
1,0.679262374267,-0.289500085924
0,-1.2159177435,0.285085741978
1,2.21431054749,0.448293980994
0,0.91947929723,0.0928231590677
1,1.27320895087,-0.520021109415
1,1.55632733169,-0.302337383673
0,-0.216011116211,1.16175621092
0,-0.11542881595,0.779218724931
0,-0.375198741457,1.1706476906
0,0.846295716777,0.647512076037
1,-0.227895230994,0.391084643147
1,1.85753401986,0.547605249544
1,0.780027672392,-0.455338765588
0,-0.559357525444,1.12091990248
0,-0.374015908064,1.37059695831
0,-0.690151355699,0.30950587516
0,-0.804773045946,-0.127408740551
0,1.03219426962,0.571317970656
1,-0.144834528832,0.0509049911771
1,1.81354938949,-0.153971517933
0,0.00694767125989,1.12277196815
0,0.583829285041,0.169321809839
1,-0.134062907851,0.163751969868
0,0.920582831399,0.787233811311
1,1.5825369239,0.164729626251
1,2.05380633909,0.671980417234
0,0.626400965203,1.0086938967
1,1.97860492301,0.0274263552601
1,1.26055816229,-0.486257379918
0,0.34174109915,0.796259464519
0,-0.567918424408,0.161957184065
1,0.316528233668,-0.173111122028
0,0.219853555329,1.16841259795
1,2.33849405067,-0.259640767751
0,0.966522467604,0.122696612481
1,1.9224129324,0.496878688556
1,1.78841381294,-0.450232669546
1,0.539340410705,-0.105158696928
0,-1.50550888553,0.2913044156
1,0.833391928228,-0.58765728198
0,0.09224964112,1.04882273255
0,-0.940873542725,-0.141516221604
0,-1.01360326786,0.212755871797
1,0.144744962084,-0.51680675362
1,0.441737741641,0.0874851204532
1,0.82212722235,-0.434598312084
0,0.785392633347,0.685509407796
0,0.0482678115029,0.971539849155
0,0.973367818217,0.458099723785
1,1.91130356822,-0.23203507225
0,-0.53938122531,1.07573887402
1,1.08056312832,-0.32457684627
1,1.81972665189,0.55161990961
0,-0.803103657986,0.826450253442
1,0.691063710946,-0.293112529025
1,1.65380378637,-0.372643076084
0,-0.619105593414,0.780906828554
0,0.556571793033,0.818545985085
0,-0.649794812467,0.489283278179
0,0.919979931695,0.747300633081
1,0.0141728615224,0.0994934974372
1,1.15698125515,-0.607705575434
0,-0.32294949975,0.910768363184
0,0.539662260367,0.666922132071
0,0.848138372614,-0.0057092851549
0,0.394483126489,0.730351065107
1,0.157588428835,0.0142366967314
1,0.339174971004,-0.201525461239
1,1.96378000652,0.553822653857
1,1.04557555103,-0.545486463761
1,2.25922523815,0.369654420617
0,-0.0639863615193,0.949404921907
1,-0.311516940482,0.359218244065
1,1.50376937829,-0.479490649209
0,0.0180729356736,0.54503726683
1,0.0654533426204,0.238362412128
1,0.197151128004,-0.322739835047
1,0.367946008823,-0.432177930619
0,0.175180071469,0.793181314175
1,0.0202773677712,0.340055533067
0,-1.1612702176,0.917048673649
0,0.651763908371,0.898947492673
0,1.1827468207,-0.117093563847
0,-1.2757070801,0.0747388490425
0,-0.757966832459,0.217452622164
0,0.46410940749,0.95136337674
1,0.606239401262,-0.632802862351
0,0.880765797071,0.308077997214
1,2.19607689693,0.572154587629
0,0.776052516977,0.411077080308
1,1.62189453897,-0.126154267913
1,1.20995099826,-0.332899927349
1,1.80437922391,-0.264582889195
0,-0.575366562719,1.04320675399
1,1.12998100306,-0.520655616682
1,0.55288151428,-0.755193104967
0,0.705418213699,0.895510272041
0,0.472731142722,0.617563719523
1,2.32111577233,-0.0852820858455
0,-0.341271697557,1.03814780114
0,1.02269532251,0.515395510406
0,1.25358604657,0.178337419799
1,1.96629088071,0.333013557729
0,-0.757083444316,0.0148881699723
0,-0.429302806082,0.434115561455
0,-1.51194834031,0.155813483217
1,1.77975597261,0.0445267888499
1,0.0171049045117,-0.0517674565102
0,-0.504926357943,0.4625038293
0,0.89619434177,0.381440445542
1,1.31459996767,-0.233776579009
1,1.12764919251,-0.410565506969
1,0.144949472051,-0.663216845723
1,1.76000211182,-0.0938600336741
1,1.84769715553,0.424798777221
1,1.26774951076,-0.437312040107
0,-0.286265291826,0.427298652195
1,2.36795671538,-0.0487042203391
0,-0.820657602307,0.57601944679
0,0.760289601897,0.914155071635
0,-0.799155149978,0.557630447448
0,0.959805061656,0.799845922444
1,0.874328297551,-0.675409415404
0,-0.191316491128,1.22875096975
0,-0.5832453736,0.465921898308
1,0.151275273738,0.295909430348
0,-0.771604145479,0.302613430584
1,0.00584442760234,0.240195347513
1,-0.0289485567698,0.437821464757
0,0.498636213786,0.428638383862
0,0.635955528162,0.259298240109
1,0.0656916993046,0.173608012454
0,-1.08450924797,0.530598491609
0,0.830046105192,0.315189867726
1,0.68017645325,-0.420648289572
1,-0.0377194539925,0.0459774032874
0,-0.891411240977,0.442528519373
1,1.76667050168,0.0325618953308
1,1.17485950176,-0.447810229966
0,-1.13232792437,0.446955041584
1,2.26995858608,0.395655817646
1,-0.0556772656246,0.194530892784
1,-0.385743325576,0.0268176586311
0,0.273332088038,0.97727663524
0,-0.100319467837,0.662836994208
1,2.15016969155,0.230657905529
1,2.33591522425,0.085062839522
0,0.811622587529,0.87306016416
1,1.83467395417,0.203768785724
0,0.356123040513,1.05621743775
0,-1.15951222225,-0.164969463698
1,1.49221845429,-0.470322127845
0,0.311303273942,1.51560378094
1,0.82475271212,-0.207278761424
0,-0.447247494309,0.600213744835
0,0.81022353782,0.392317600073
1,0.279297856406,0.347294202611
0,-0.712674621058,1.01297679627
0,0.471043274403,0.772509946101
1,0.703954470379,-0.643979119588
1,0.186708334406,0.567793507812
0,1.11073471318,0.45847492224
0,0.662659109362,0.429675256807
1,1.62338103861,-0.176624140104
0,0.575096790558,0.59605271376
0,0.593163926708,0.635184388025
1,0.0661665705611,-0.575234366824
1,1.9907057263,0.0849589289282
1,0.911849484562,-0.454184380708
0,-0.678662278665,1.02370406239
1,1.73083481027,0.332967152486
0,0.446177070538,0.708734956996
0,0.63422304328,1.17509160068
1,1.78081638226,-0.488593149313
1,0.845475055713,-0.570827047249
1,0.78505330855,-0.681983997123
1,0.439770953624,-0.206414346582
0,0.28077753627,1.00946862873
0,-0.374405678751,1.08289156356
0,-0.460704925439,0.926050401135
0,0.877283009236,0.316465203935
0,0.505214962153,0.803815778995
0,-0.738203664876,0.579170313874
1,0.194859647355,0.919223313593
1,0.870665609209,-0.309618795174
1,0.680396555879,-0.109566694361
0,-0.774151254807,-0.0295154953685
1,1.18645194714,-0.815730363768
0,0.90167311314,0.205595569766
0,0.577496403291,1.00030376684
0,0.352007894286,1.02951091082
1,0.513559208349,-0.0639618738943
1,0.189038057323,0.242816958844
1,0.262808815581,0.0420099886143
1,0.0685443571208,-0.0970366275154
0,-0.279783821528,1.3005440223
0,-0.95238986654,0.397332207055
0,-1.05815975211,0.167219791783
1,0.261394871185,-0.622394190395
1,0.0594422871143,-0.0719364723839
1,0.284281736268,0.242877266061
0,0.359597574333,0.961097891802
0,-0.0200960173591,0.693008826459
1,1.93776268427,0.0691232243685
0,0.936617769696,-0.0190051984026
1,0.821828108765,-0.159861140034
1,1.14227599787,-0.460569481499
0,-0.329516459445,0.778072788175
1,2.10744827945,-0.252703705719
0,-0.790184770019,1.05092239075
0,0.0431653685216,1.01708390361
0,0.708331313499,-0.0810864525987
1,1.02995312504,-0.315574183362
0,-0.72850121692,0.775739498912
1,1.79727103616,-0.294056759506
1,0.770890464907,-0.255218848894
0,0.495233516474,0.812876888783
1,1.66123624799,-0.635636273018
1,2.29412671161,-0.0397112867719
0,-1.38228929412,0.165081146383
0,-0.762704014285,0.393407629904
0,-0.229743254965,0.978413311217
0,-0.429193142829,0.570842439972
0,0.23153145595,0.947703753268
0,0.825362127321,0.262146106021
1,1.1090482482,-0.652030696972
1,0.778461193908,-0.676670375264
0,-0.377378659475,0.724883764415
0,-0.918040002115,0.514604201675
1,1.81910152022,-0.212315286393
0,-0.935764319245,0.183323086987
1,1.81974826825,-0.0401499880066
0,0.663366989005,0.344102274426
1,1.67637718796,0.682296388786
0,0.196909030733,1.53759412706
0,1.20938470599,0.214824249689
1,-0.00449388567614,0.32608838469
1,1.15993693124,-0.620310583372
1,1.6438856924,-0.0877447002028
0,0.0869114971771,0.891303240377
0,-0.113268712779,0.705175113272
1,1.28942334444,-0.442314956267
1,1.71799795213,-0.0543709696624
1,1.60577698049,0.0565046194895
1,1.94263447879,0.28593042439
0,-0.667831581255,0.835772934794
1,0.980452096632,-0.416930533506
1,0.6759980408,-0.454919158228
0,1.07594422098,0.468416127193
0,0.39882929847,1.01697687923
0,-0.934510095081,0.638710801133
1,-0.121699505456,0.135065891457
0,-0.320191833092,1.35191941364
1,0.667814789712,-0.486065560101
0,-0.862245559876,0.157641533637
1,0.532225903189,-0.416282860752
1,1.16233539579,-0.403216707937
1,0.664223729891,-0.352037616658
0,-1.12150561593,0.229212935709
0,0.240102435149,0.992430747341
0,-0.382399970941,1.26777064916
0,0.439586085338,1.05614508132
0,-0.317817305128,0.775433136806
0,-0.544250544483,0.359040455642
1,1.74789394204,0.159681075115
1,1.73593841639,-0.34686072281
0,1.05195616534,-0.0185852698695
0,0.779011120668,0.0894286022269
0,0.84458371637,0.239949247646
1,0.388796721295,-0.257634328168
1,0.99859178188,-0.644110307912
1,0.67201556945,-0.308984666889
0,0.311517806515,1.30787909766
1,1.85069629417,-0.392599825769
0,0.285936144823,0.764250468027
1,0.468762168563,-0.226650536007
1,0.23254312321,0.377369860805
0,0.444452018825,0.818458782546
1,2.09476305432,0.555936956548
0,-0.550163691887,1.08215523214
1,0.816242333955,-0.480307272041
0,0.846249592558,0.592119019296
0,0.93736217329,0.428406574509
1,1.00419633416,-0.403740858596
1,0.512264531283,-0.175148009871
0,1.07404589255,0.477892075611
0,1.09150571036,0.656544413635
0,-1.2197231902,0.222557112884
0,0.953638198653,0.147435161116
1,-0.118243310047,0.370293397426
0,0.10283153503,1.17000302324
1,2.13155063309,0.362214530304
1,0.164317736775,0.250710626812
1,1.92087101047,-0.169140419254
1,0.187468047318,0.364864972353
0,-0.695673828306,0.404246628679
1,0.291191877914,-0.470714393133
1,1.80537766434,-0.234448922338
0,-0.339787190322,0.803375857
0,1.16434660159,0.795610712389
0,-0.508947085001,0.4652482084
1,0.108762743381,-0.0562501062
0,0.69180331024,0.735539644682
1,1.56504254382,-0.019829792438
0,0.812372787259,0.345698688502
0,0.267929911443,0.908420609187
1,0.391393124531,-0.243560459175
1,0.307560873377,-0.228427283488
1,0.197660323369,0.453516815541
1,2.08621832955,0.110255949421
1,0.736134299383,-0.465982249548
0,0.800124982736,0.776414083891
1,1.44675361735,-0.222242326497
0,-1.44058230136,0.0743932104649
1,1.72505461214,-0.344446168328
1,1.93851600407,-0.140907083578
1,2.02526061179,-0.0776266418838
1,1.35801082873,-0.379367741198
1,1.91454194211,0.716369476658
0,0.213445258111,0.545519163436
1,1.26020605301,-0.529487483195
1,0.231814302901,-0.102606771865
0,-1.17876426167,0.67775821274
1,1.49388852318,-0.608533079166
0,0.541495046855,1.31199000327
1,1.78688871551,-0.476004864883
0,-0.681317721784,0.251170973215
1,2.53271595601,0.552806893211
0,-1.47167188616,0.231281151994
1,2.00641919153,-0.384866513301
1,2.26706950543,0.161826814349
0,0.977315771979,0.0902784000894
0,0.871298442416,0.426362878084
0,0.908738268021,-0.0107061724118
1,1.75204081518,-0.0494888259426
1,0.928991015542,-0.445457602134
0,0.121535427326,1.20896876221
1,1.78644079042,0.673590601463
0,-0.891356630533,0.92616437302
0,0.284529271159,1.19761264095
0,0.104229857963,0.699187880695
1,1.39385387892,-0.403677141728
1,0.814234981894,-0.697010309161
0,0.131411183094,0.86594237771
1,1.97087380929,0.446343992173
1,1.14034734769,-0.520029131443
1,1.84912074555,-0.589905707566
1,0.225313392895,-0.234374048392
1,1.21597422492,-0.372987164677
0,0.959527683853,-0.0103206922652
1,1.04267767685,-0.640613862563
1,1.72229976472,0.426664895301
0,0.767844356926,0.905760327051
1,1.59775164295,-0.905640051152
0,-0.432369142491,1.09011256489
0,0.0933431566397,0.760572123023
1,1.45972590142,-0.278730755345
1,0.617843973226,-0.505756868855
0,-0.897029346234,0.310030006194
0,-0.47299440247,0.652605213628
1,0.599827574416,-0.274002314853
1,0.0931090522929,0.0943466205526
0,0.88707854764,0.625473326287
1,2.15314823,0.293769907225
1,0.204514230748,-0.423329494363
0,1.32695450868,0.50528007037
1,1.57208296332,0.0118261292784
0,-0.244194310822,1.08185753691
1,-0.057878854695,0.246033659694
0,0.435479063463,0.934228255954
1,0.200164928243,-0.288702813269
0,0.151470867307,0.697298477787
1,1.83637354557,0.25502333468
1,1.22776850682,0.111693326555
0,-0.321303763481,1.1035666871
0,0.257818356563,1.01279889481
0,-0.642307690568,1.13822151509
1,0.84400662416,-0.73974731489
0,-0.879626444268,0.626827787333
1,0.892995352372,-0.701186544962
1,0.593258545249,0.0475856921856
0,-0.282136729126,1.06010389639
1,0.622709935507,-0.393870192335
0,0.551346664155,0.904901999519
1,-0.0923293430237,0.540892811931
1,1.85731696346,0.127811990162
1,0.696417567569,-0.575030609036
0,-0.735162199535,0.74553547244
0,-0.152300255194,1.1639758521
0,0.573120953343,1.15236539567
1,1.35456249433,-0.644131931533
1,1.1384334659,-0.431710164188
0,0.0188944919724,1.09524936174
1,1.41441103638,-0.591111139654
1,-0.318271460806,-0.0849535169742
0,-0.685800748914,1.03660265567
0,-0.125229312046,0.92908620047
0,-0.54273562312,1.01149714111
1,0.679153028111,-0.394883220569
0,-0.289150337947,1.01177179883
0,1.05496894194,0.835437321915
0,-1.18104470401,-0.0113727395798
0,0.946297212804,0.199776507025
1,1.81967835272,0.348259520976
0,0.584181837015,0.78912089273
0,-1.28816143607,0.166808159239
0,1.09266687639,-0.133794309233
0,0.568838176832,0.816233772638
0,0.840383857119,0.417097415771
1,0.944617267942,-0.491531394792
1,0.101632544137,0.0306504011587
1,1.14743319647,-0.626443964626
1,1.78532957388,0.373526551227
1,1.40574200458,-0.280941035467
0,-0.892149773736,0.661107376548
1,1.1779681383,-0.38451940734
1,0.21537472948,-0.198896450505
0,1.10742173647,0.297366146877
0,-0.135505262322,0.708209066006
1,1.80507550169,-0.33501331287
1,1.78538846388,0.189261597663
0,-1.26562059901,0.469376326248
1,0.129262690946,-0.0843954828534
1,0.777091170322,-0.453599004204
1,0.122546430259,-0.0259489371002
0,0.101026070378,0.698733986491
0,-1.13039568935,0.0680846873845
0,-0.066114292551,0.687895882548
0,-0.897803940566,0.565393872475
1,1.54768402545,-0.448781564726
1,0.682829299188,-0.408293775782
0,0.649623800463,0.658933716566
0,-0.944273187977,0.0726317944895
1,1.8901247557,-0.454601330637
0,-0.0329976680365,0.960096429181
1,0.303129572066,-0.452888359487
1,2.02466697639,0.29137543399
1,2.24202161689,0.302435992081
0,-0.896955138739,0.439856443268
0,0.643670466017,0.882478901348
1,1.53583884956,-0.428976243133
1,0.131945636221,0.594442751902
0,0.749141542302,0.524389635922
0,-0.215796492305,1.41139223548
0,0.726295253405,0.475433312388
0,0.478353648924,1.27997897645
0,-0.406630383297,0.976084107764
1,1.86434467621,-0.563898817636
1,1.68794393823,0.145521621697
1,2.17292424102,0.563425927164
0,-1.03521665952,0.621085935679
1,2.06029016448,0.333354778956
0,0.884965460556,0.635640571134
1,0.833107628031,-0.67350521353
0,-0.197475020511,1.15884273748
0,-0.21808843737,0.904016242762
0,-0.83708432374,0.581625524054
1,0.0557679351298,-0.0889670778011
0,-0.908993255549,-0.014186689186
1,0.190567872543,0.472073765712
0,0.971168631449,1.1534777608
0,-0.639303420226,0.504156245009
0,-0.206657917023,1.49253401124
0,-0.701447174074,0.195238828544
1,0.431104733734,-0.137021305248
1,-0.335820151894,0.110286356483
0,-1.04287995133,0.263033579532
1,1.92820096462,0.472799181968
1,0.0776312721033,0.0970174316045
1,-0.0225399097113,0.565175904931
0,-0.229324468224,1.09209623947
0,1.06122624178,0.246731702741
1,-0.224183269015,0.436300625566
1,-0.0802558157155,0.306094222808
1,1.13164780677,-0.321421674099
1,0.70012050123,-0.352684572239
1,-0.158904940885,0.0552951777245
1,2.11683191357,0.36298602705
0,-0.0488222239444,1.0344920777
1,1.23045289068,-0.337233760962
1,0.128153793988,-0.290878746169
1,0.098495078044,0.540942347555
0,-0.725307660723,0.733587959064
0,-0.227792967258,1.16688946367
0,0.451768749339,0.822830436963
0,0.519401647963,0.752446603798
1,1.33459735465,-0.431728088951
1,0.39490911367,-0.224790547035
1,-0.0776549832441,-0.0469320597203
0,-0.356036332031,0.841249052888
1,0.978716558074,-0.561810381568
0,0.586688993678,0.394564466567
1,0.974075380558,-0.669402860222
1,1.21632856992,-0.375979501979
1,0.624673410092,-0.569228078908
0,-0.692072803909,0.593355334329
1,1.39189197521,-0.24686188727
0,-1.00314418053,0.649912245029
1,0.140411148222,0.14057736681
0,-0.827334239107,0.473586401657
1,0.956332503043,-0.333522685698
0,0.775927531981,0.452561460313
0,-0.445649572542,0.96216818237
1,2.10793743906,0.587169793682
0,1.11290167733,0.372657639047
0,1.13850029278,-0.118772457747
0,-0.336543155636,0.875497068521
0,-0.323282376209,0.612561253074
0,-0.792861395103,0.447336239807
0,0.768995675154,0.539215135479
1,1.5053716209,-0.17858083456
1,1.64280519526,-0.6510572569
0,1.08134625223,0.277195004077
1,0.27093295397,-0.408760731821
1,0.737814350727,-0.397715912053
0,1.01761907538,0.54464998665
1,0.729803696328,-0.574427222112
0,-1.09434243046,0.184554089994
0,-0.132573842188,1.05182058944
0,-0.0565779830346,1.14845795581
0,1.07479503787,0.665879624893
0,0.823972057942,0.725074809821
0,-0.240691948978,0.614333126285
1,1.32560811364,-0.565174183507
0,0.00251863691205,0.717447201862
0,0.603722785116,0.99861122902
1,1.24550875918,-0.534327668078
1,0.635641537118,-0.509981845441
1,0.00966642983364,0.777235047535
1,0.43358835591,-0.246571923525
1,1.87891768394,0.0259710085074
1,0.313088976363,0.302018022353
1,1.39941475043,-0.181912111345
1,0.296068211017,0.367741384944
0,1.14244675772,0.385543661965
0,0.94852242946,0.565521052484
1,0.0200073468235,0.11923449305
1,2.13495448986,0.309606080927
0,1.16216351282,0.18198100552
0,0.0604187498966,1.12284683972
1,1.60811618459,-0.758517670987
1,0.332321875121,-0.129043073167
0,-1.05331084398,0.875204721265
1,1.20422456213,-0.666566709295
1,2.16124422224,0.532255810953
1,0.628672219867,-0.291031270421
1,2.04060699089,0.162377313855
1,0.207560911512,-0.405895369317
1,0.173650941443,0.521163981676
1,1.37098734442,-0.0789245055061
1,0.966577502022,-0.581273869829
0,-0.738881517502,1.4319097349
0,-0.629944501065,0.203753594405
0,0.304334154129,0.696897277167
0,0.46508452135,1.33380353339
1,1.94390967392,0.496709724106
1,1.51831677523,-0.135912041838
0,0.949266659719,0.534716275327
0,-1.28510048451,0.509200319283
1,0.879514721517,-0.281780083595
1,0.942022800713,-0.684053115746
0,0.244463648292,0.560631877589
0,-0.839315733705,0.763287156847
0,-0.991102600676,0.118339731828
0,-0.745178211351,0.73549444627
0,-0.0224058812889,1.14096277238
0,0.194199906045,1.48528158624
1,0.0455613861527,0.311179751792
1,1.39138273034,-0.313556354603
0,-0.686997915968,0.572013822872
0,-1.27942924096,0.627830600033
0,0.0819665730613,0.841982089884
0,-0.539533161558,1.03515560459
1,0.240336491134,0.063716101892
1,-0.028309878294,0.650960783159
0,-0.175549197533,0.745272793904
0,0.116511625413,1.1348400538
1,1.5014969226,-0.374555933136
0,0.589366569729,1.26868847159
0,0.0533759299389,0.927852290121
1,0.270890382927,-0.248327801141
1,1.89673628694,0.492496199061
0,-0.481171742522,0.932187729036
1,0.190636196255,-0.485745080488
0,-0.141479003334,0.888315442392
0,0.487375031769,1.00829589139
1,1.4086309169,-0.621633471538
0,0.350220530312,1.09661029079
0,1.08636701221,0.587086490139
0,0.0787025810551,1.12006081663
0,0.645979650973,0.398987319447
1,-0.0473545485976,0.590071320438
1,1.59279650373,-0.180287480862
0,0.866718674806,0.477979198976
1,-0.107567033455,-0.17509565183
0,-0.672379192448,1.05458840105
1,1.7910936534,0.05681723625
0,1.31826395983,0.234434233094
1,0.207903508444,-0.124999749367
1,0.737335177652,-0.265420064449
0,-0.23997720835,0.979592714354
0,0.618177018824,1.16291458621
0,-1.50985818235,-0.0503852677651
1,1.03019045699,-0.420764720637
0,0.546318925035,0.701415220407
1,0.415144672137,-0.203669602932
0,-0.358952672315,0.94890601061
0,-1.13929573919,0.39210114164
0,-0.355407306599,0.990147762933
0,-0.401972767785,0.917513712467
0,1.06229318214,0.272398371472
0,0.315165048581,1.06708922518
0,1.30118533363,0.125186060669
1,1.85281444077,0.729659511254
1,0.464039108875,-0.618292122598
0,-0.542593081091,0.771816100446
0,-1.03913968313,0.660922661895
1,1.05957990374,-0.629385521681
1,1.10045627412,-0.625384295462
0,1.01245157065,1.04230003707
0,0.58693868668,0.910661576559
0,-0.665886687753,0.776166239443
0,0.359095921552,0.603669764956
1,-0.0416839647159,0.406215771683
1,1.9527142435,0.160103521971
1,1.67865678462,-0.319965054117
0,0.811224624155,0.651472513042
1,1.71168970279,-0.0367914899249
1,1.64631844912,-0.129426680818
1,1.76535981122,0.0678026335233
1,0.71465188095,-0.557002254201
0,0.522395678676,0.504554207677
0,0.954471360612,0.0773571202181
0,-0.458795709431,0.606223618767
0,0.398532692769,0.901573062604
0,0.862466948557,0.517601668319
0,-0.472227715772,0.984898091144
0,0.985790734918,0.410151333604
0,-0.4303643702,0.415780830794
0,0.947131093294,0.461142873442
1,1.59709076047,-0.153807577522
1,2.04260974139,0.362895493023
0,-1.02649714481,0.227739692931
0,0.693361677864,-0.203407939208
0,-0.961555633365,0.0407348159465
0,0.416242438141,0.687491152466
0,-0.298714605304,1.22324603764
1,0.533520555768,0.175967230598
0,0.428936280999,0.802651908613
0,1.19547439329,0.292389570434
0,0.436092727522,0.409694194356
1,0.914060038566,-0.726797614165
0,-0.742831413674,0.16105623127
1,1.42955798518,-0.302241245811
0,-0.228091437,0.955249479571
0,-0.171858460235,1.00153188714
0,0.663078851504,0.585105310621
1,0.359783604557,-0.266661169626
0,-0.896205510821,0.597438790104
0,-0.545849812513,0.759234841112
1,0.454873926452,0.417537473878
1,1.4540925138,0.0113752235938
0,1.16430946601,0.440915680587
0,0.047317920487,0.827144695781
1,1.18497935961,0.0146040243352
1,1.42880197308,-0.476858229817
0,-0.893498744996,-0.0138672199315
0,0.291831005389,1.06009338234
0,-1.21698893692,0.140797331714
0,-0.993557798264,0.0627024570494
0,0.335577114491,1.26742267993
0,-1.05591714795,0.673094411459
1,1.91418440369,0.485324063368
1,1.77971161864,0.142890944267
1,0.987983282085,-0.672577434935
0,-1.17351569998,0.00929320131287
0,-0.974911478099,-0.219787837349
0,1.02019897206,0.802863441437
0,-0.439410734625,0.617638366237
0,0.477236007752,0.944931885597
1,0.986165121307,-0.221236556468
0,0.143401437616,0.933104570206
1,1.47873773825,-0.30255329717
0,1.0313217123,0.0502096673257
0,0.758415588678,0.848203737946
1,0.0411377764981,0.508457651962
0,-0.649074909041,1.17145248512
1,1.28511883154,-0.549391437523
0,-0.630867781748,0.866277228613
0,0.56896114841,1.07300308021
1,0.670156848482,-0.521305384689
0,-1.02603244849,0.115821740216
1,2.10917395585,0.258976075713
1,0.552785517161,-0.370097581047
1,1.79917387528,-0.325065270167
1,1.53378554177,-0.316977052278
1,1.59944244425,-0.752055979563
1,0.211237458754,0.0285680750596
0,0.699999557994,0.647550123783
0,-0.527775496772,0.707121708165
1,0.201990480001,-0.324451689795
0,0.430225065841,0.844107519403
0,-0.246642946191,0.830163549525
1,0.929889973504,-0.405308268691
0,0.258253114858,1.36056520855
0,0.0680936468438,1.01316492194
0,-0.118541257472,1.27532763526
1,1.85457178059,-0.132983516386
1,1.56846651824,0.0240604127897
1,1.18493334684,-0.703246817563
1,0.126708404729,-0.228222199305
1,2.18590859776,0.171499430362
0,0.476898016214,0.851119588734
1,2.00396878057,0.51615046374
0,0.221463050174,0.350582454239
0,0.683233849841,0.894776269311
0,-0.514948798364,0.899545960755
1,1.48756333384,-0.377598923264
0,1.03465389709,0.380290680579
0,0.805643622334,0.42379945982
0,1.08530638283,0.411413037845
0,0.448746826745,0.916721586574
1,0.34833284551,-0.0799859776592
1,0.440474682914,-0.703905100443
0,0.899802169339,-0.413938996398
1,2.02237083802,-0.37160345319
0,1.1377118536,0.800014736207
1,2.00915673236,0.518892557677
1,1.71014785777,-0.123585684778
0,-0.884098217924,0.93164695578
1,0.438218254787,-0.648941324151
0,-1.28110935407,0.136905046531
1,1.60968314661,-0.414458011874
0,0.79714858362,0.647359111
1,-0.00712992066225,0.295840658168
1,1.78448707822,-0.373506401252
0,-0.0272648085878,1.09778847903
1,1.80711168784,-0.0888491374722
0,0.635634122608,0.974534201301
0,0.800076612485,0.0697702400479
0,1.01877050409,0.263210495944
0,-0.964403988177,0.536940249905
0,0.161399210285,1.24388113024
0,0.530280341452,1.16321111913
1,0.100919227091,-0.21695685255
0,0.892971987766,0.467592650653
1,0.0598486805358,0.144499597451
1,2.11693625241,0.271168794362
0,0.868969187908,0.562543765071
1,2.03386915694,0.206961183426
1,1.42464549028,-0.170477691896
0,0.772309767054,0.178574339311
0,-0.688623186797,0.955125383569
0,1.05896728458,0.539150742996
1,0.301280575856,0.307875882474
0,0.67775427515,0.355042902666
0,-0.75823051679,0.854258228104
0,1.02357800137,0.453342094463
0,1.01019784228,0.562921645989
1,1.63337942739,0.0269405925146
0,1.13619212293,0.533763775404
1,1.11904293503,-0.545067723872
0,-0.713267220705,0.619031060818
1,0.267630254955,-0.418865653239
0,0.134125019491,0.973311356256
1,-0.0367669324062,0.570495789039
0,-0.509656565861,0.531503914912
1,2.00368891664,0.227676358437
0,-0.636648958267,0.267727952107
1,0.299613549808,0.0301839521376
0,0.843842608205,0.600227700599
1,1.79430168577,-0.210805150406
0,-0.618087263519,0.354233731846
1,0.666060487761,0.0727811670847
0,-1.29533468451,0.19875063545
1,0.159458590831,-0.136410212611
1,1.5441309817,-0.440601170178
0,-1.24406392502,0.338843575593
1,2.45530952088,0.128430966811
0,0.576845666274,0.971990173053
1,1.64517152988,-0.391178849062
0,1.23256160256,0.228881511488
0,-0.826289921402,0.642211607149
0,0.291567360761,1.28586940177
1,-0.0675090693886,0.264265414378
1,1.17737503029,-0.379851789255
0,-0.823618488665,0.463790231139
0,0.360812821356,0.972513746365
1,1.23600059163,-0.442205447563
0,0.479020872102,1.26956364695
1,1.72658178794,-0.426673028387
0,-0.758125905632,0.687336075183
0,-1.15171080102,0.792679358708
1,0.572880992415,-0.507622351426
1,1.91922976547,-0.149345547678
0,-0.657429956907,0.98989461273
0,-0.875773645413,-0.335605090839
0,-0.464251498309,1.15133683408
0,0.794197016263,0.557043509117
0,-0.517245852496,1.17513468209
0,-0.80755278183,-0.0452745975428
0,-1.09864456557,0.251729870428
0,1.12885525166,0.48457612396
1,2.14187375098,0.508060521034
0,-1.13514655092,0.267662873827
0,0.373084298948,0.976773163235
1,1.50873227161,-0.52043822422
1,1.05336013862,-0.358177045038
1,0.763436948238,-0.37024173655
0,0.978689005807,0.780671189864
0,1.07246935093,0.173405978084
1,0.436202920979,-0.610133900682
0,0.564301512267,0.744831762717
1,1.93302320471,0.698291564974
0,1.07310445805,0.614231838609
1,0.208862954238,-0.158966914595
0,-0.818741018893,0.140742493109
1,1.667622173,-0.75930812645
1,2.09933695045,0.599262882768
0,0.973563567103,0.782062003432
0,0.600912061365,0.0568633791119
1,0.317351709777,-0.179787265261
1,0.797844398722,-0.424830551997
0,-1.26236591334,0.282125431644
0,0.304493512737,0.857906408171
1,1.61673831002,0.126759745061
1,2.0264940609,0.0427580251132
0,0.0469950709275,0.831310185466
1,0.0458880985223,0.382853651151
0,0.994894618859,0.63117651019
0,0.23982227882,0.997988687748
0,0.905078517544,0.587326474656
1,2.32029441807,0.55356487738
0,0.101108588937,1.19918495065
0,-0.242961871704,0.868949471244
1,0.871770999981,-0.363899780516
1,0.185418577494,0.137388765995
0,-0.104911499823,0.913987598165
0,-0.646021567369,0.157519705136
0,-0.956252161735,0.497679850897
0,1.10673836047,0.553671619114
0,-0.00807643234824,0.894813783359
1,0.741838660931,-0.258614530376
1,-0.127403051191,-0.0811403327812
0,1.02560767542,0.655036684938
0,0.537571238372,1.15483967962
1,1.18743451305,-0.307531863639
1,0.00308225502891,0.151222735758
0,-0.182780924346,0.610617720711
1,0.351709603085,-0.210991988441
0,-1.06204211233,0.4094396704
0,-0.914628851895,0.193270032395
0,-1.08187655264,0.405208398145
1,-0.145649070745,0.444714609364
0,0.817789458357,0.756210669445
0,-0.878124926491,0.382185056308
0,-0.757690477431,0.115409492488
1,0.918326762809,-0.691544985931
1,0.793533794109,-0.408158254038
0,-0.42711490832,0.920469363566
0,0.964427166805,-0.0359282474687
0,0.69315476389,0.595959059309
0,0.494666595212,1.1534321109
1,1.41387464954,-0.57693765392
0,-0.204323433431,1.24804755149
1,0.811844995275,-0.36835019587
1,0.792321680647,-0.358065057404
1,1.07707674842,-0.582032837912
0,0.409477973021,0.317144155855
1,2.02796309016,-0.303852841023
0,-0.867876251912,0.182872616455
1,1.90544441632,-0.281010293215
1,0.242666310002,0.244404771114
1,1.54759421463,-0.512467921459
1,1.09896639028,-0.551229025632
0,-0.517710773916,0.306113451482
0,0.815106502553,0.671867139097
1,0.229032121793,0.144375786417
1,-0.0238385487806,-0.0510098821695
0,-0.248908272011,0.982504420038
1,0.61343559344,-0.147480438351
1,-0.0698345843364,0.240583079454
1,2.02088773274,-0.0349591373471
0,-0.645424221811,0.408487705296
1,1.57086144435,0.243999780862
1,0.738900425675,-0.448339165868
1,0.666896070435,-0.672020003956
1,0.544569636029,-0.576015148768
1,0.170048999394,-0.294296734015
1,1.82224919423,-0.198414630499
0,0.593695973877,0.830638660849
0,-0.119183265454,1.06724499113
1,0.941011401429,-0.597054934273
1,0.898726750784,-0.741112030176
0,-0.322306755558,0.854297939115
0,0.399339992919,0.983952641298
1,0.527197590112,-0.0833083850581
1,0.491081832061,-0.19480110019
1,1.55877383222,-0.778843278073
1,0.827076179485,-0.125550893494
1,0.238104742614,-0.519792519913
0,0.175343631736,1.1174144809
0,0.78527931788,0.419012067634
0,0.281806313771,0.907715689728
1,0.933023200854,-0.544714525288
1,-0.0684442198717,-0.0272343293347
0,-1.01802324097,0.168343445905
1,1.25195482816,-0.507908863916
0,-0.155619625233,0.876050927567
1,-0.0513906066283,0.055209442109
1,1.72916185955,-0.105112488558
0,0.935164418201,0.363511685488
0,0.710999824415,0.674145689719
0,1.11350227978,0.231248549245
1,0.850101555956,-0.300707910939
1,1.77229062208,0.304098892812
1,0.0910685024745,0.0541364226606
0,-1.15106270352,0.744842202838
1,-0.079359847106,0.402148859449
1,0.0996185836566,-0.503394011094
1,1.27606335504,-0.869908726816
0,-0.786441828392,0.766688847655
0,0.723156044221,0.831916328745
0,0.989869564603,0.553719107478
0,-0.0531249746931,0.981325394784
0,-0.655096975409,-0.181798793509
0,-0.478364292401,0.740491205814
0,1.00841299823,-0.0854456275008
1,0.326639447983,0.0438276351167
0,-0.409947691769,1.00208671087
0,1.18161277265,0.393725440163
1,0.473353932606,-0.231459126378
0,-0.781921844587,0.693999167391
1,1.43971521546,-0.404701574248
1,0.0161238808719,0.199556931078
1,1.94071986587,0.00836046585534
0,0.0372459377506,1.00639204646
1,1.3952027692,-0.459241846975
1,1.37025555554,-0.793919114499
0,-0.23780332368,0.838880210975
0,-1.16087729623,0.0791360386555
0,0.724230267941,0.940144906417
1,1.16290987724,-0.405131176484
1,0.115538690495,-0.0120182117675
1,0.890445327194,-0.544145405331
0,-0.365698083484,0.773245940101
0,-0.62859910723,0.430892568706
0,0.700749504028,0.603786295151
0,-0.826655700249,0.831427635368
1,0.792394827691,-0.582698675092
0,1.17595226151,0.272187909189
1,0.633249140626,-0.413025595804
0,0.838467989954,0.792508119319
1,1.62263091635,-0.664699634593
1,1.26776427718,-0.495709153521
1,0.287806034761,-0.165082553098
1,0.420521885834,0.0950151485809
0,-0.39746552042,0.380158889766
0,-0.940532051688,0.0957385087499
1,0.530961768167,-0.607325318009
1,2.03048432964,0.183076685468
1,2.01417078793,0.189139991892
0,0.33530795548,1.30373678802
1,1.42454109296,0.0507732174716
1,-0.193271629434,0.557113800701
1,-0.121756122475,0.508190484246
1,1.77209350063,-0.342661614749
0,1.04023288886,0.73319128716
0,-0.969920295859,0.675946167282