0,66,66
0,10,10
0,27,27
0,10,10
0,66,67
0,59,59
0,4,5
0,8,8
0,66,66
0,10,11
0,49,54
0,6,4
0,28,28
0,64,64
0,41,56
0,47,47
0,10,10
0,67,67
0,74,50
0,39,76
0,49,54
0,22,22
0,58,58
0,47,77
0,56,74
0,9,9
0,55,51
0,3,8
0,66,66
0,26,25
0,61,64
0,72,72
0,64,64
0,58,66
0,45,45
0,76,47
0,67,66
0,62,61
0,62,62
0,67,66
0,39,76
0,41,46
0,46,41
0,10,10
0,59,58
0,35,37
0,59,58
0,67,66
0,68,57
0,5,3
0,74,50
0,68,57
0,71,76
0,67,72
0,69,69
0,27,27
0,73,45
0,48,50
0,61,69
0,75,41
0,66,67
0,62,77
0,59,66
0,66,58
0,47,77
0,70,65
0,11,12
0,50,56
0,58,66
0,66,58
0,41,46
0,69,65
0,69,65
0,77,74
0,65,70
0,58,66
0,50,41
0,58,66
0,72,67
0,66,66
0,60,42
0,58,58
0,76,56
0,30,28
0,42,74
0,76,71
0,77,55
0,35,37
0,70,64
0,60,48
0,68,77
0,27,27
0,60,42
0,77,55
0,6,10
0,65,69
0,34,35
0,48,42
0,54,50
0,57,57
0,72,76
0,35,37
0,58,66
0,39,67
0,61,69
0,23,23
0,57,70
0,72,39
0,57,70
0,41,50
0,50,48
0,45,42
0,74,49
0,48,42
0,8,3
0,37,35
0,76,63
0,62,62
0,64,70
0,4,10
0,70,65
0,48,50
0,77,46
0,59,39
0,68,39
0,45,77
0,10,6
0,47,50
0,54,49
0,42,56
0,66,72
0,50,46
0,50,45
0,22,26
0,71,47
0,51,55
0,59,67
0,68,70
0,65,70
0,67,59
0,74,49
0,3,6
0,45,75
0,65,70
0,42,73
0,60,42
0,71,47
0,50,49
0,65,70
0,70,65
0,68,39
0,13,9
0,10,10
0,56,45
0,76,63
0,8,10
0,60,48
0,42,73
0,68,69
0,57,71
0,55,57
0,3,2
0,54,74
0,10,6
0,77,74
0,70,63
0,69,69
0,39,72
0,77,50
0,72,59
0,66,67
0,47,63
0,57,71
0,71,71
0,47,50
0,50,49
0,58,39
0,77,45
0,13,9
0,5,10
0,37,34
0,73,46
0,45,42
0,55,77
0,68,46
0,64,47
0,76,72
0,39,70
0,42,45
0,77,42
0,74,51
0,41,76
0,70,69
0,49,68
0,69,65
0,63,49
0,47,64
0,67,59
0,42,77
0,66,39
0,45,76
0,60,50
0,56,54
0,45,76
0,67,59
0,59,72
0,59,66
0,74,54
0,50,47
0,50,63
0,59,66
0,76,70
0,61,68
0,2,7
0,7,2
0,73,41
0,49,75
0,37,35
0,77,76
0,68,64
0,39,59
0,63,39
0,75,71
0,41,41
0,70,65
0,69,68
0,58,59
0,46,77
0,51,68
0,77,76
0,60,50
0,54,49
0,56,76
0,63,74
0,58,59
0,69,69
0,77,71
0,69,65
0,39,67
0,60,73
0,77,42
0,39,41
0,41,62
0,73,41
0,77,50
0,58,72
0,50,48
0,65,64
0,42,42
0,69,39
0,77,50
0,50,48
0,2,10
0,73,55
0,76,72
0,51,69
0,72,76
0,54,50
0,9,9
0,60,41
0,59,67
0,42,76
0,72,76
0,68,70
0,70,77
0,54,50
0,47,73
0,39,50
0,65,70
0,55,76
0,5,3
0,67,39
0,47,73
0,59,66
0,56,45
0,8,8
0,60,74
0,49,60
0,57,51
0,45,39
0,47,73
0,77,67
0,70,65
0,39,45
0,66,59
0,3,13
0,76,64
0,58,66
0,63,70
0,70,51
0,72,65
0,72,65
0,67,39
0,77,42
0,48,49
0,3,13
0,72,65
0,45,50
0,77,42
0,39,59
0,41,39
0,50,48
0,58,66
0,66,76
0,68,75
0,67,71
0,66,39
0,11,11
0,47,50
0,70,68
0,74,39
0,66,39
0,4,2
0,47,73
0,48,49
0,41,75
0,56,76
0,6,9
0,70,76
0,70,68
0,65,69
0,50,47
0,70,54
0,67,77
0,66,76
0,66,57
0,48,76
0,63,64
0,67,69
0,71,50
0,39,70
0,71,68
0,3,2
0,66,69
0,76,66
0,42,75
0,63,70
0,45,45
0,66,57
0,50,48
0,47,42
0,63,65
0,9,6
0,39,67
0,65,39
0,46,39
0,65,61
0,71,50
0,60,51
0,9,12
0,39,50
0,49,70
0,75,72
0,39,50
0,77,58
0,73,71
0,39,50
0,65,72
0,70,72
0,50,39
0,74,60
0,27,27
0,76,48
0,74,60
0,59,67
0,54,50
0,61,50
0,41,72
0,71,61
0,50,61
0,35,36
0,76,50
0,41,47
0,72,74
0,68,66
0,3,8
0,73,71
0,76,50
0,76,50
0,75,55
0,70,70
0,51,70
0,50,73
0,76,41
0,64,48
0,57,67
0,50,72
0,69,39
0,75,75
0,45,60
0,73,68
0,64,50
0,22,21
0,70,69
0,58,47
0,59,77
0,49,76
0,9,6
0,66,69
0,77,66
0,49,50
0,35,36
0,39,72
0,73,47
0,77,70
0,11,2
0,50,76
0,28,27
0,56,73
0,51,56
0,47,66
0,66,77
0,62,48
0,68,65
0,54,55
0,50,76
0,47,60
0,48,41
0,65,65
0,50,60
0,62,65
0,55,73
0,76,66
0,62,50
0,48,77
0,69,41
0,47,71
0,62,64
0,41,72
0,71,68
0,62,48
0,50,76
0,8,13
0,50,41
0,50,60
0,73,47
0,62,50
0,2,10
0,76,66
0,66,62
0,49,70
0,66,62
0,65,58
0,45,67
0,64,70
0,36,37
0,77,66
0,73,45
0,69,67
0,75,65
0,65,65
0,63,67
0,63,68
0,70,58
0,45,45
0,49,57
0,66,65
0,66,77
0,73,45
0,70,66
0,60,56
0,70,45
0,56,66
0,36,35
0,8,8
0,72,65
0,75,66
0,73,47
0,63,66
0,73,65
0,66,39
0,66,56
0,67,76
0,66,50
0,45,61
0,73,47
0,69,41
0,45,67
0,74,70
0,50,60
0,66,69
0,60,48
0,41,69
0,39,70
0,73,47
0,11,2
0,69,66
0,73,76
0,66,69
0,57,70
0,57,70
0,77,66
0,60,45
0,61,74
0,29,28
0,50,70
0,77,66
0,45,66
0,63,59
0,48,77
0,58,64
0,74,74
0,42,59
0,49,72
0,6,6
0,54,47
0,65,65
0,69,66
0,71,47
0,56,60
0,64,64
0,66,74
0,67,74
0,2,12
0,66,66
0,51,73
0,60,74
0,22,22
0,51,73
0,60,71
0,66,74
0,65,66
0,47,59
0,47,59
0,33,33
0,50,48
0,50,67
0,67,60
0,69,69
0,35,36
0,45,67
0,49,60
0,49,72
0,50,77
0,50,77
0,67,56
0,47,73
0,27,27
0,42,66
0,67,56
0,67,74
0,66,69
0,70,58
0,47,60
0,50,66
0,3,4
0,68,75
0,61,73
0,66,50
0,34,35
0,50,77
0,36,35
0,75,67
0,14,14
0,48,72
0,74,66
0,45,70
0,65,60
0,47,47
0,50,77
0,3,4
0,67,70
0,75,75
0,36,35
0,51,60
0,66,69
0,66,69
0,60,46
0,45,67
0,41,70
0,66,69
0,35,36
0,45,67
0,70,70
0,70,70
0,60,46
0,65,39
0,60,65
0,77,75
0,49,73
0,70,72
0,56,66
0,45,45
0,77,77
0,66,74
0,48,66
0,45,67
0,67,45
0,76,60
0,41,54
0,73,51
0,41,70
0,75,77
0,35,36
0,70,39
0,69,75
0,66,56
0,36,34
0,50,66
0,76,60
0,74,58
0,35,36
0,57,48
0,74,58
0,76,60
0,50,50
0,47,70
0,77,60
0,50,70
0,73,51
0,49,73
0,70,47
0,70,76
0,10,10
0,10,10
0,51,60
0,77,77
0,50,60
0,74,60
0,58,74
0,67,41
0,69,48
0,58,74
0,50,70
0,12,8
0,13,8
0,42,67
0,76,48
0,48,66
0,73,66
0,76,60
0,67,45
0,13,8
0,77,66
0,60,54
0,9,3
0,50,60
0,50,70
0,69,48
0,69,66
0,50,60
0,67,45
0,66,69
0,66,66
0,62,45
0,49,73
0,73,50
0,57,50
0,67,41
0,65,57
0,67,46
0,48,50
0,9,9
0,60,74
0,69,75
0,47,48
0,7,7
0,7,7
0,57,48
0,69,48
0,68,71
0,70,66
0,9,3
0,68,60
0,47,47
0,62,45
0,70,66
0,65,57
0,68,71
0,68,60
0,48,61
0,48,61
0,67,39
0,2,10
0,70,66
0,60,76
0,76,60
0,64,64
0,64,64
0,64,64
0,51,51
0,41,50
0,50,48
0,51,51
0,48,70
0,76,60
0,54,48
0,54,60
0,48,70
0,61,51
0,21,21
1,66,77
1,47,67
1,60,47
1,34,29
1,60,47
1,41,42
1,60,42
1,60,42
1,51,45
1,35,35
1,35,35
1,69,73
1,49,49
1,69,39
1,21,21
1,41,50
1,68,68
1,47,58
1,60,73
1,66,56
1,66,58
1,42,76
1,39,51
1,34,34
1,77,39
1,66,69
1,60,58
1,66,69
1,22,22
1,42,42
1,59,47
1,76,77
1,58,65
1,58,65
1,76,77
1,48,48
1,59,67
1,51,76
1,50,73
1,55,55
1,72,48
1,65,65
1,67,66
1,49,49
1,77,72
1,76,76
1,76,76
1,7,5
1,76,39
1,48,77
1,48,77
1,39,67
1,27,38
1,76,50
1,76,50
1,51,42
1,28,27
0,62,62
0,77,77
0,10,11
0,67,66
0,75,77
0,54,54
0,50,50
0,76,76
0,45,45
0,66,66
0,66,66
0,55,49
0,9,9
0,62,64
0,57,39
0,49,55
0,50,42
0,66,66
0,66,67
0,13,10
0,63,63
0,72,67
0,67,72
0,60,48
0,48,42
0,62,62
0,75,55
0,66,72
0,65,69
0,45,50
0,77,74
0,62,77
0,50,50
0,70,61
0,45,45
0,7,11
0,66,58
0,58,59
0,27,28
0,70,65
0,67,66
0,65,70
0,64,62
0,68,63
0,56,50
0,8,6
0,66,58
0,74,49
0,56,75
0,39,67
0,59,67
0,75,76
0,65,69
0,64,64
0,60,60
0,28,28
0,70,57
0,76,39
0,49,63
0,4,2
0,13,6
0,2,2
0,74,56
0,47,41
0,61,70
0,69,65
0,64,77
0,4,2
0,7,3
0,69,65
0,7,13
0,72,72
0,49,74
0,76,39
0,76,72
0,77,68
0,41,75
0,49,63
0,69,57
0,61,63
0,55,50
0,67,39
0,72,72
0,76,68
0,23,23
0,28,30
0,50,74
0,77,62
0,66,72
0,39,77
0,67,76
0,48,60
0,72,66
0,60,60
0,72,66
0,47,56
0,10,6
0,63,57
0,60,60
0,54,50
0,47,64
0,57,70
0,56,47
0,56,55
0,48,60
0,8,3
0,41,50
0,66,39
0,47,50
0,6,8
0,42,73
0,50,74
0,10,8
0,54,74
0,39,69
0,72,67
0,50,74
0,39,69
0,6,7
0,60,41
0,45,76
0,66,39
0,47,47
0,56,49
0,61,77
0,3,5
0,26,22
0,6,7
0,77,68
0,50,54
0,48,60
0,60,60
0,30,28
0,62,70
0,33,29
0,50,75
0,30,28
0,49,56
0,41,45
0,66,59
0,61,77
0,60,48
0,60,50
0,56,76
0,9,9
0,64,62
0,21,25
0,22,26
0,47,47
0,66,59
0,77,50
0,71,45
0,10,8
0,59,39
0,7,6
0,10,8
0,60,50
0,38,38
0,7,6
0,74,54
0,76,50
0,2,4
0,70,61
0,70,64
0,59,76
0,6,9
0,50,47
0,58,76
0,74,47
0,72,71
0,49,50
0,29,33
0,61,65
0,24,23
0,47,74
0,47,39
0,66,76
0,74,61
0,39,69
0,13,7
0,66,76
0,66,39
0,61,47
0,2,6
0,60,74
0,76,70
0,45,74
0,13,7
0,77,73
0,8,6
0,61,50
0,63,45
0,75,57
0,66,66
0,60,50
0,69,39
0,45,74
0,67,39
0,75,54
0,77,49
0,76,50
0,76,50
0,42,45
0,62,41
0,61,50
0,11,11
0,61,51
0,73,49
0,66,66
0,77,64
0,59,70
0,47,73
0,54,70
0,41,62
0,7,13
0,58,76
0,56,47
0,63,45
0,7,13
0,39,49
0,41,76
0,63,72
0,29,33
0,39,66
0,69,63
0,65,66
0,64,47
0,39,66
0,69,61
0,76,58
0,59,66
0,56,64
0,73,77
0,55,50
0,55,76
0,76,58
0,45,39
0,61,65
0,70,51
0,7,7
0,7,13
0,58,58
0,74,57
0,74,61
0,47,67
0,66,39
0,59,66
0,54,50
0,39,66
0,66,65
0,73,77
0,70,57
0,57,50
0,54,75
0,16,8
0,58,76
0,76,50
0,74,61
0,45,56
0,45,63
0,59,39
0,45,63
0,74,74
0,7,2
0,50,39
0,7,12
0,61,65
0,56,60
0,61,54
0,61,61
0,6,7
0,74,61
0,47,70
0,61,56
0,9,10
0,69,61
0,55,70
0,66,58
0,6,7
0,76,66
0,54,75
0,61,54
0,12,5
0,61,48
0,51,61
0,61,54
0,16,8
0,54,75
0,74,68
0,39,69
0,39,45
0,58,45
0,56,70
0,66,65
0,8,2
0,76,49
0,58,65
0,51,70
0,6,12
0,47,51
0,70,47
0,65,64
0,2,8
0,76,73
0,56,45
0,50,39
0,77,61
0,57,67
0,77,61
0,69,68
0,57,67
0,72,71
0,70,47
0,62,72
0,42,76
0,70,54
0,69,68
0,50,60
0,41,64
0,72,65
0,65,63
0,47,51
0,70,74
0,47,70
0,75,39
0,75,74
0,70,51
0,50,60
0,69,57
0,48,45
0,77,59
0,62,60
0,66,70
0,39,74
0,70,72
0,70,49
0,66,39
0,66,63
0,70,59
0,77,67
0,48,64
0,65,69
0,47,73
0,66,71
0,6,7
0,50,45
0,33,28
0,39,56
0,10,13
0,48,64
0,49,73
0,60,75
0,28,33
0,56,55
0,41,58
0,66,76
0,27,27
0,77,54
0,76,74
0,69,39
0,6,7
0,60,73
0,60,54
0,56,69
0,50,50
0,42,61
0,68,42
0,69,56
0,77,69
0,55,39
0,72,71
0,41,71
0,60,47
0,72,74
0,72,74
0,71,73
0,63,73
0,76,61
0,50,47
0,66,62
0,74,73
0,70,47
0,74,60
0,71,73
0,9,11
0,60,70
0,77,54
0,60,56
0,63,73
0,70,60
0,60,56
0,69,66
0,76,61
0,60,62
0,48,57
0,50,72
0,66,77
0,65,58
0,47,66
0,13,6
0,66,69
0,70,67
0,61,56
0,71,66
0,60,74
0,74,60
0,69,77
0,6,7
0,39,67
0,66,63
0,70,66
0,66,73
0,42,39
0,60,71
0,77,48
0,77,76
0,55,60
0,66,73
0,48,57
0,58,77
0,55,75
0,73,74
0,70,55
0,75,74
0,42,39
0,66,49
0,39,45
0,58,47
0,76,60
0,74,57
0,56,71
0,55,70
0,8,16
0,60,76
0,77,61
0,76,60
0,39,76
0,58,56
0,39,76
0,60,74
0,63,60
0,35,38
0,49,77
0,42,71
0,61,50
0,73,66
0,9,11
0,72,69
0,56,66
0,47,73
0,41,69
0,60,56
0,77,77
0,73,74
0,70,67
0,56,67
0,76,66
0,71,68
0,39,56
0,60,42
0,59,70
0,77,48
0,14,7
0,66,61
0,51,69
0,8,16
0,49,65
0,50,50
0,71,68
0,65,56
0,50,45
0,71,41
0,51,69
0,8,16
0,61,60
0,6,7
0,50,45
0,23,24
0,70,45
0,66,61
0,66,45
0,62,50
0,69,73
0,69,72
0,73,65
0,66,45
0,62,50
0,60,39
0,39,42
0,74,66
0,60,39
0,39,42
0,41,66
0,77,60
0,77,42
0,71,64
0,77,64
0,66,67
0,67,48
0,58,61
0,57,61
0,66,41
0,58,50
0,63,63
0,56,66
0,54,69
0,49,69
0,38,35
0,73,41
0,74,66
0,67,55
0,63,63
0,70,55
0,41,48
0,11,6
0,49,66
0,11,6
0,61,62
0,66,45
0,77,77
0,45,50
0,77,56
0,45,50
0,61,60
0,50,60
0,48,75
0,64,41
0,50,60
0,45,50
0,66,50
0,47,50
0,35,35
0,50,60
0,50,66
0,60,60
0,66,66
0,45,63
0,60,50
0,50,66
0,71,64
0,27,30
0,60,50
0,71,64
0,66,66
0,54,69
0,63,63
0,27,30
0,77,48
0,54,39
0,63,48
0,63,48
0,23,23
0,63,48
0,61,64
0,54,42
0,39,76
0,61,50
0,67,73
0,60,72
0,54,39
0,50,60
0,74,49
0,49,66
0,51,69
0,63,63
0,68,68
0,68,68
0,28,29
0,68,68
0,66,55
0,55,55
0,39,60
0,45,63
0,60,41
0,9,6
0,60,41
0,73,76
0,60,70
0,77,77
0,50,60
0,54,60
0,39,60
0,45,59
0,69,57
0,55,55
0,36,36
0,60,48
0,69,57
0,57,57
0,42,48
0,57,57
0,70,66
0,67,42
0,50,60
0,50,69
0,70,66
0,67,42
0,50,69
0,74,41
0,59,62
0,38,38
0,61,48
0,47,76
0,74,41
0,59,76
0,55,55
1,76,64
1,51,66
1,59,63
1,50,70
1,50,60
1,50,60
1,48,65
1,74,60
1,57,74
1,50,60
1,55,55
1,57,63
1,47,67
1,76,58
1,5,13
1,77,77
1,48,76
1,48,76
1,23,23
1,35,35
1,42,42
1,35,35
1,42,42
1,60,67
1,11,9
1,72,60
1,11,9
1,76,49
1,74,61
1,74,61
1,65,65
1,56,60
1,77,50
1,39,76
1,72,74
1,54,23
1,63,73
1,50,50
1,50,50
1,56,60
1,76,60
1,28,28
1,28,28
1,7,13
1,7,13
1,71,48
1,71,48
1,4,4
1,29,29
1,29,29
1,41,71
1,56,75
1,35,35
1,35,35
1,71,71
1,71,71
1,71,71
1,71,71
1,71,71
1,60,48
1,60,48
1,66,60
1,56,76
1,75,47
1,57,39
1,56,77
1,57,57
1,56,77
1,3,3
1,45,50
1,42,42
1,47,73
1,48,50
1,6,9
1,6,9
1,50,71
1,50,71
1,77,50
1,75,60
1,75,60
1,35,35
1,55,48
1,22,34
1,55,48
1,42,42
1,42,42
1,42,42
1,59,59
1,59,59
1,70,51
1,70,51
1,50,60
1,50,60
1,71,71
1,71,71
1,60,75
1,60,75
1,39,75
1,60,73
1,62,65
1,74,74
1,9,9
1,50,50
1,59,71
1,55,64
1,77,54
1,50,67
1,39,39
0,60,60
0,35,35
0,60,60
0,50,50
0,60,60
0,49,51
0,58,58
0,45,45
0,50,50
0,61,61
0,66,67
0,11,12
0,60,60
0,10,12
0,21,25
0,12,11
0,48,50
0,11,13
0,69,61
0,72,39
0,72,39
0,67,58
0,39,72
0,72,67
0,25,21
0,65,69
0,61,70
0,58,58
0,39,76
0,7,7
0,76,72
0,62,77
0,61,70
0,55,63
0,74,49
0,71,39
0,54,51
0,65,69
0,61,70
0,22,21
0,21,22
0,68,39
0,47,62
0,29,29
0,66,72
0,11,16
0,75,74
0,74,54
0,45,51
0,66,59
0,73,47
0,77,64
0,61,63
0,73,56
0,28,30
0,41,60
0,38,36
0,50,49
0,50,45
0,61,62
0,45,50
0,6,2
0,50,56
0,61,51
0,61,62
0,60,41
0,7,11
0,42,75
0,59,66
0,47,74
0,33,29
0,62,47
0,2,6
0,76,77
0,30,28
0,55,57
0,71,39
0,55,57
0,51,61
0,69,57
0,61,65
0,60,48
0,66,58
0,24,21
0,54,70
0,54,70
0,60,42
0,57,65
0,73,77
0,63,39
0,71,63
0,54,50
0,47,73
0,67,76
0,71,46
0,66,39
0,60,50
0,71,63
0,73,77
0,75,74
0,71,46
0,76,50
0,68,70
0,7,2
0,61,54
0,50,49
0,66,39
0,72,77
0,61,54
0,61,77
0,63,47
0,68,70
0,74,75
0,61,77
0,60,42
0,72,71
0,67,70
0,66,76
0,62,74
0,73,47
0,62,74
0,60,50
0,49,69
0,70,49
0,68,49
0,72,65
0,50,54
0,49,45
0,51,73
0,68,49
0,39,66
0,68,64
0,60,42
0,61,50
0,63,74
0,73,73
0,63,57
0,48,55
0,54,70
0,67,65
0,73,77
0,34,34
0,48,55
0,73,39
0,2,7
0,61,61
0,74,46
0,63,74
0,7,2
0,76,72
0,50,54
0,2,7
0,2,7
0,76,50
0,45,54
0,54,50
0,37,35
0,50,68
0,71,74
0,2,10
0,77,72
0,50,68
0,2,10
0,75,69
0,37,35
0,65,68
0,73,50
0,50,60
0,65,68
0,27,33
0,50,61
0,50,54
0,50,60
0,70,42
0,75,57
0,10,2
0,60,63
0,33,28
0,10,2
0,62,72
0,50,54
0,50,61
0,63,70
0,73,76
0,74,76
0,62,62
0,30,28
0,61,50
0,73,50
0,37,36
0,71,60
0,2,11
0,42,47
0,75,68
0,68,65
0,71,50
0,68,65
0,75,57
0,60,49
0,72,74
0,72,74
0,66,76
0,73,76
0,54,75
0,54,75
0,68,50
0,61,50
0,71,73
0,72,50
0,60,49
0,71,67
0,28,33
0,50,76
0,42,64
0,67,68
0,68,39
0,49,57
0,67,68
0,73,39
0,71,73
0,73,76
0,60,56
0,71,50
0,76,50
0,54,68
0,28,33
0,60,56
0,73,39
0,54,68
0,58,58
0,71,60
0,57,66
0,76,73
0,72,58
0,66,69
0,69,50
0,47,66
0,33,27
0,76,73
0,66,77
0,57,66
0,72,65
0,50,60
0,73,70
0,77,66
0,58,70
0,39,73
0,58,71
0,58,71
0,65,56
0,35,38
0,59,59
0,60,71
0,66,50
0,60,63
0,76,74
0,33,27
0,74,73
0,66,75
0,71,64
0,54,60
0,46,73
0,46,73
0,33,27
0,70,74
0,74,73
0,76,54
0,60,71
0,73,48
0,7,2
0,76,48
0,56,69
0,35,36
0,68,50
0,50,69
0,73,50
0,73,48
0,63,76
0,70,39
0,58,58
0,50,69
0,72,76
0,50,76
0,48,60
0,45,71
0,56,65
0,36,34
0,70,39
0,67,67
0,16,6
0,61,71
0,45,71
0,76,61
0,59,74
0,69,67
0,68,50
0,59,67
0,41,54
0,67,73
0,35,36
0,54,54
0,39,64
0,63,71
0,56,70
0,45,66
0,66,74
0,70,48
0,42,69
0,76,61
0,38,29
0,45,39
0,65,50
0,73,50
0,50,60
0,50,61
0,59,74
0,65,50
0,72,58
0,77,60
0,39,64
0,65,49
0,50,61
0,60,61
0,28,33
0,42,71
0,58,58
0,66,75
0,45,39
0,57,63
0,66,74
0,42,71
0,60,77
0,63,71
0,59,74
0,56,61
0,29,38
0,58,58
0,45,39
0,60,75
0,66,75
0,67,61
0,50,61
0,42,58
0,69,67
0,48,66
0,36,35
0,60,75
0,42,71
0,77,77
0,70,72
0,69,50
0,36,35
0,50,72
0,73,71
0,35,38
0,70,67
0,72,50
0,50,61
0,42,58
0,50,72
0,39,61
0,39,66
0,74,70
0,74,71
0,74,70
0,38,34
0,69,50
0,69,48
0,55,66
0,71,74
0,70,50
0,69,48
0,50,45
0,55,66
0,39,73
0,74,71
0,65,50
0,50,61
0,50,60
0,39,59
0,71,73
0,45,39
0,37,36
0,61,69
0,50,60
0,73,76
0,36,35
0,37,36
0,65,50
0,39,73
0,72,60
0,69,59
0,60,77
0,70,50
0,70,50
0,45,73
0,60,66
0,56,61
0,39,59
0,70,50
0,69,59
0,61,42
0,57,63
0,50,45
0,58,50
0,70,50
0,59,75
0,59,75
0,59,75
0,29,28
0,58,50
0,58,76
0,60,75
0,39,59
0,68,76
0,60,75
0,57,60
0,58,76
0,48,60
0,36,35
0,71,74
0,71,74
0,71,50
0,60,74
0,50,48
0,73,60
0,66,74
0,57,60
0,77,60
0,39,59
0,62,50
0,73,60
0,50,48
0,50,48
0,38,33
0,76,45
0,60,60
0,38,33
0,45,54
0,74,71
0,60,60
0,45,54
0,72,69
0,71,50
0,61,50
0,45,54
0,68,72
0,42,67
0,73,76
0,73,76
0,61,50
0,45,54
0,61,61
0,48,60
0,71,74
0,61,61
0,42,67
0,27,27
0,71,74
0,47,48
0,75,47
0,60,69
0,76,48
0,60,50
0,60,74
0,49,49
0,35,35
0,60,69
0,54,60
0,35,37
0,29,38
0,75,60
0,50,48
0,39,60
0,35,37
0,75,60
1,48,76
1,59,58
1,76,70
1,51,60
1,71,74
1,71,74
1,51,60
1,60,50
1,54,60
1,60,71
1,50,60
1,60,71
1,74,74
1,74,74
1,75,60
1,50,60
1,50,60
1,37,37
1,50,60
1,60,50
1,37,37
1,77,70
1,48,48
1,72,71
1,74,60
1,50,60
1,74,60
1,72,71
1,60,50
1,50,48
1,65,66
1,54,60
1,71,66
1,33,38
1,33,38
1,76,60
1,48,48
1,50,50
1,30,30
1,50,50
1,76,64
1,42,50
1,30,30
1,76,64
1,42,50
1,10,10
1,50,66
1,73,41
1,76,49
1,50,50
1,77,60
1,61,76
1,76,49
1,61,76
1,48,73
1,48,73
1,68,68
1,47,39
1,60,66
1,54,71
1,54,71
1,54,71
1,54,71
1,35,35
1,35,35
1,74,73
1,74,73
1,10,10
1,76,60
1,76,76
1,76,60
1,76,76
1,45,70
1,62,71
1,62,71
1,45,70
1,73,73
1,73,73
1,60,54
1,7,7
1,63,48
1,63,48
1,50,55
1,63,48
1,50,50
1,50,50
1,50,50
1,50,60
1,50,50
1,68,68
1,68,68
1,7,7
1,74,74
1,28,28
1,76,76
1,57,57
1,57,57
1,60,48
1,76,76
1,54,48
1,54,48
1,35,35
1,75,75
1,48,56
1,75,75
1,41,41
1,41,41
1,41,41
1,55,60
1,55,48
1,50,48
1,48,41
1,48,48
1,48,41
1,48,48
1,67,67
1,28,28
1,50,48
1,71,71
1,74,50
1,74,50
1,60,60
1,60,60
1,55,55
1,55,55
1,73,74
1,71,75
1,71,75
1,41,41
1,73,55
1,34,34
1,77,60
1,60,73
1,60,73
1,77,60
1,50,45
1,77,60
1,59,59
1,63,63
1,63,63
1,56,56
1,56,56
1,50,50
1,50,50
1,77,60
1,77,60
1,75,60
1,75,60
1,54,54
1,54,54
1,73,73
1,54,71
1,73,73
1,50,50
1,50,50
1,56,61
1,57,48
1,39,39
1,16,16
1,73,66
1,74,74
1,74,74
1,71,76
1,41,41
0,75,56
0,75,56
0,66,50
0,75,75
0,25,21
0,66,50
0,69,69
0,56,50
0,56,50
0,50,75
0,47,73
0,75,75
0,67,77
0,50,66
0,50,66
0,77,50
0,75,67
0,66,66
1,11,10
0,71,42
0,69,56
0,77,73
1,48,66
0,76,68
0,75,54
0,72,60
0,54,50
0,39,71
1,67,48
0,55,71
0,68,67
0,71,71
0,71,71
0,71,50
0,71,50
0,71,50
0,50,48
0,50,48
0,33,28
0,50,48
0,39,72
0,68,50
0,68,50
0,72,60
1,74,69
1,74,50
0,60,45
1,74,50
0,63,46
1,39,39
0,63,46
1,39,39
1,39,39
1,39,59
0,46,77
0,28,33
0,70,74
0,67,39
0,67,39
0,45,68
0,49,42
0,49,42
1,58,73
1,58,73
0,61,62
0,50,57
1,71,60
0,45,51
0,42,60
0,57,73
0,71,50
1,55,48
0,71,50
0,60,42
0,39,67
0,39,67
0,60,42
0,62,60
0,28,28
0,69,72
0,57,57
1,60,60
1,39,76
1,39,76
0,76,56
1,76,57
0,57,47
0,45,69
0,45,69
1,71,71
0,57,47
1,71,71
1,13,6
0,68,58
0,68,58
0,60,77
0,49,70
0,49,70
1,69,69
1,65,65
0,54,54
0,21,22
1,50,77
1,50,77
0,66,72
1,66,72
1,65,65
0,49,60
0,49,60
0,42,60
0,56,60
0,56,60
1,73,48
1,73,48
0,41,54
0,67,39
0,67,39
1,47,61
0,54,50
1,47,61
0,77,63
0,60,61
0,47,73
0,67,39
0,67,39
0,27,33
0,60,61
0,47,73
1,50,46
0,60,61
0,39,72
0,50,60
0,56,74
0,54,50
1,50,46
1,72,48
1,72,48
0,39,51
0,62,77
0,39,51
1,57,57
0,8,14
1,73,60
1,73,60
0,73,72
0,73,72
0,66,72
1,68,63
0,8,14
0,60,50
0,65,49
0,77,77
1,75,75
1,73,60
1,75,75
1,50,50
1,73,60
0,50,60
1,63,77
1,63,77
0,61,65
0,61,65
1,71,71
0,51,60
1,70,73
0,51,60
1,70,50
0,6,13
1,60,46
0,66,76
0,66,76
0,14,14
0,14,14
0,66,66
0,45,71
0,74,66
0,70,64
0,74,66
0,63,45
0,70,64
0,72,71
0,71,68
0,50,60
0,50,60
0,66,76
0,70,64
0,66,76
0,70,64
1,74,76
0,50,60
1,2,6
0,50,60
0,48,50
0,48,50
1,73,73
1,72,77
1,71,71
0,50,49
0,70,39
0,70,39
1,69,60
1,77,77
0,75,60
1,77,77
1,50,50
1,50,50
0,29,33
0,50,48
0,65,58
0,65,58
1,58,39
1,58,39
0,60,41
0,50,48
0,50,48
0,70,60
0,50,48
0,50,48
0,70,60
0,41,60
1,60,60
0,45,73
0,14,8
1,71,71
0,14,8
0,59,58
0,62,50
0,62,50
0,37,37
0,50,42
0,50,42
0,50,48
0,62,50
0,62,50
0,9,10
0,9,10
0,75,61
0,75,61
0,74,70
0,60,72
0,51,70
0,65,58
0,65,58
1,50,60
1,71,47
0,74,70
1,67,47
1,54,48
1,67,47
1,54,48
0,50,71
1,75,71
0,50,71
1,34,34
0,33,28
1,63,60
0,2,9
1,61,42
1,61,42
1,21,21
0,61,42
1,21,21
0,61,42
0,61,42
0,70,61
0,48,75
0,70,61
1,77,75
0,68,50
0,68,50
1,58,60
0,65,72
0,65,72
1,50,60
1,42,42
1,42,42
0,50,60
0,2,3
0,2,3
1,50,50
0,49,77
0,60,60
1,58,60
0,55,63
0,60,61
0,60,61
0,9,11
1,35,35
1,48,50
1,48,50
1,68,73
1,68,73
0,61,60
0,39,72
0,54,57
0,39,72
1,62,62
0,61,60
0,54,57
0,50,48
0,74,76
0,42,61
0,42,61
0,74,76
0,50,48
0,58,74
0,58,74
0,76,71
0,72,65
0,72,65
0,58,74
0,6,3
0,60,48
0,6,3
0,77,61
0,77,61
0,60,48
0,77,60
0,77,60
0,65,72
0,47,50
0,72,39
0,72,74
0,73,66
1,30,30
1,30,30
0,71,70
0,77,46
0,48,50
0,48,50
0,48,50
0,48,50
0,48,50
0,48,50
0,39,74
0,48,50
0,60,47
0,60,47
0,55,57
0,45,71
0,45,71
0,60,63
1,50,42
0,48,60
1,60,63
0,48,60
1,60,63
0,71,71
0,27,28
0,50,69
0,68,74
1,75,75
0,54,76
0,68,74
0,68,74
0,49,65
0,74,54
0,74,54
0,74,54
1,75,75
1,54,70
0,61,65
0,61,65
0,73,70
0,73,70
1,54,70
0,72,57
0,66,39
0,66,39
1,74,48
0,51,69
1,74,50
1,72,67
0,66,66
1,72,67
0,76,72
1,36,36
1,35,35
0,58,58
0,54,46
0,24,22
0,77,69
1,50,50
0,61,64
0,69,65
1,50,50
1,50,48
0,49,48
1,71,47
1,50,48
0,2,7
0,70,57
0,58,58
0,66,76
0,10,6
0,50,60
0,50,42
0,50,42
0,6,8
0,50,60
0,10,6
0,10,6
0,39,72
0,73,45
0,63,54
0,63,54
0,60,50
0,10,6
0,57,51
0,10,6
0,48,48
0,7,2
0,58,66
0,48,48
0,48,48
0,48,48
0,10,6
0,50,50
0,10,6
0,45,72
0,73,77
0,10,6
0,10,6
1,7,7
0,63,55
0,77,50
0,54,60
0,54,60
1,70,50
0,54,60
1,42,42
1,42,42
0,50,70
1,42,42
1,42,42
0,50,70
1,54,54
0,65,56
1,42,42
0,48,50
0,70,54
0,70,54
0,56,63
0,71,65
1,7,7
1,7,7
1,42,42
0,70,56
0,50,54
0,50,46
0,50,46
0,51,46
0,50,54
0,13,13
0,13,13
0,63,73
0,12,2
0,63,73
1,41,41
0,70,54
1,41,41
0,63,61
0,70,54
0,71,73
0,30,30
0,70,71
0,70,61
0,72,56
0,54,60
0,54,60
0,3,2
0,50,48
0,3,2
0,30,28
0,61,60
0,30,28
0,74,70
1,58,60
1,54,68
1,54,68
0,51,61
1,58,60
0,77,42
0,60,68
0,60,68
1,58,60
1,62,62
0,77,42
0,48,60
0,48,60
0,54,54
0,48,48
0,54,68
1,41,54
1,60,60
1,76,60
1,76,60
1,67,59
1,60,39
1,60,39
1,67,59
0,54,60
0,54,60
0,76,74
0,76,74
0,61,51
0,54,60
0,61,51
0,76,72
0,6,16
1,6,16
1,30,30
1,6,16
1,30,30
1,6,16
1,61,60
1,6,16
1,6,10
1,6,16
1,6,16
1,6,16
1,51,70
0,49,50
0,47,73
0,47,73
0,55,63
0,60,41
0,22,21
1,66,66
1,66,66
0,75,74
1,76,50
1,76,50
1,76,50
0,60,50
1,50,57
0,41,56
0,41,56
0,74,49
0,60,68
0,60,68
1,9,10
1,9,10
0,58,49
1,61,51
1,61,51
1,50,50
0,50,57
0,2,8
0,74,65
0,74,49
0,66,63
0,28,30
0,71,51
0,71,51
0,8,2
0,8,2
0,74,60
0,74,60
0,10,11
0,10,11
0,62,57
0,77,50
1,48,50
0,59,68
0,60,73
0,60,73
0,72,77
0,60,73
1,51,60
1,51,60
1,55,55
0,11,9
0,11,9
0,48,54
0,50,61
0,50,61
0,57,57
0,60,51
0,60,51
1,73,73
0,60,66
0,60,66
0,54,70
0,54,70
1,73,73
0,60,74
0,60,74
1,73,73
0,68,60
0,68,60
1,50,50
0,60,50
0,60,50
1,73,73
1,50,50
1,51,57
0,8,11
0,8,11
0,51,57
1,73,73
0,49,76
0,50,65
0,77,72
1,4,4
1,4,4
0,60,60
1,73,73
0,73,70
0,73,70
0,50,70
0,50,70
0,60,73
0,60,73
0,65,46
0,11,9
0,11,9
0,67,60
0,67,60
0,65,68
0,71,60
1,35,35
1,72,59
0,49,68
1,35,35
0,57,76
0,57,76
1,35,35
0,49,56
0,56,60
1,73,73
1,73,73
0,48,76
0,50,63
0,50,63
0,71,71
0,70,54
0,75,70
0,54,61
1,63,56
0,50,49
0,50,49
0,8,11
0,9,11
0,9,11
0,39,66
0,11,6
0,61,50
0,61,50
0,76,66
0,6,9
1,76,49
0,60,39
0,60,39
1,76,49
1,30,30
0,39,74
0,39,58
0,39,58
0,60,46
0,60,46
0,12,8
0,50,66
0,75,71
1,76,49
0,60,68
0,60,68
0,55,46
0,74,72
0,74,72
0,60,76
1,67,67
1,60,60
1,60,60
0,57,60
0,57,60
0,66,76
0,60,45
0,77,49
0,48,61
1,48,61
0,60,66
0,60,66
0,54,70
0,47,73
0,35,35
0,61,50
1,35,37
1,35,37
0,68,77
0,47,57
0,47,57
0,70,49
0,16,10
0,16,10
0,74,49
0,74,49
0,16,10
0,16,10
0,16,10
0,56,49
0,50,61
1,55,76
0,59,67
0,51,70
0,70,51
0,45,71
0,75,50
0,75,50
0,51,60
1,61,61
1,61,61
1,54,75
1,54,75
1,54,75
1,54,75
1,50,60
1,50,60
1,54,75
0,61,54
1,61,61
0,60,51
1,54,75
1,51,75
0,56,70
1,51,75
0,56,70
1,54,61
0,10,16
0,10,16
0,60,60
0,60,60
0,60,50
0,60,50
1,50,48
1,50,48
1,41,57
1,41,57
1,41,57
1,41,57
1,41,57
1,48,50
0,48,50
0,57,41
0,57,41
0,57,41
0,57,41
0,57,41
0,41,47
0,41,47
0,41,47
0,41,47
0,41,47
0,47,47
0,47,47
0,47,47
0,47,47
0,47,41
0,47,41
0,47,41
0,47,41
0,47,41
0,41,73
1,61,61
0,55,64
0,77,50
0,8,8
1,11,6
0,60,50
0,77,45
0,57,60
1,63,63
0,39,59
0,46,67
1,50,50
0,72,74
0,66,39
0,74,61
0,30,28
0,49,50
0,61,77
0,50,54
0,48,60
0,50,70
0,51,63
0,50,50
0,77,76
0,67,76
1,48,48
1,73,73
0,67,76
0,57,50
1,76,60
1,76,60
1,73,73
0,62,42
1,22,22
0,72,76
1,48,60
1,48,60
0,73,73
0,50,60
0,62,77
0,54,50
0,50,57
1,61,61
0,56,60
0,62,57
1,61,61
0,73,60
0,73,60
0,67,70
0,67,70
0,73,49
0,73,49
0,50,49
0,70,41
0,70,66
0,50,50
0,77,50
0,72,56
0,39,67
0,57,65
0,69,69
0,49,60
0,77,50
0,69,65
0,51,50
0,39,69
0,76,50
0,71,74
1,76,76
1,70,50
0,71,74
0,74,70
0,39,51
1,71,77
0,60,65
0,60,48
1,61,48
0,74,60
0,49,60
0,49,60
1,61,48
0,76,66
0,63,60
0,76,66
0,39,69
0,73,42
0,65,39
0,67,46
0,71,54
0,65,68
0,71,54
0,54,74
1,66,66
1,66,66
0,73,49
0,71,72
0,58,76
1,62,50
0,49,57
0,50,60
0,70,48
0,70,48
0,50,60
0,55,55
0,48,70
0,50,42
1,77,45
0,55,50
0,55,50
0,54,70
0,54,70
1,77,76
0,50,60
0,73,75
0,77,50
0,69,50
0,69,50
1,50,60
0,70,41
0,60,48
0,60,48
1,59,59
1,50,60
1,72,72
0,68,62
0,50,75
0,68,66
0,68,66
0,50,75
0,50,39
0,67,76
0,60,76
0,60,76
0,72,48
0,50,73
0,72,48
0,50,73
0,50,60
1,47,47
1,47,47
0,69,65
1,48,60
0,69,65
0,68,60
1,48,60
0,60,48
0,60,48
0,68,60
0,6,8
1,51,51
1,14,14
1,14,14
1,47,47
1,47,47
0,64,48
0,64,48
1,51,51
0,76,50
0,76,50
0,76,50
1,49,49
0,76,50
0,70,50
0,70,50
1,47,71
0,75,46
0,75,46
0,55,76
0,39,50
1,47,71
0,64,65
0,39,50
0,64,65
0,50,77
1,72,72
0,49,77
0,65,67
0,70,50
0,62,64
0,65,67
0,70,50
0,51,60
0,51,60
1,60,75
0,72,39
0,60,63
1,60,75
1,60,60
1,60,60
0,60,60
0,39,72
0,60,73
1,50,74
1,50,74
0,60,73
1,41,41
0,67,58
0,67,58
0,50,55
1,56,56
1,77,77
0,74,73
0,67,39
0,67,76
0,70,66
0,66,39
0,63,49
0,60,60
0,60,60
0,46,61
0,57,50
0,57,50
0,46,61
0,73,49
0,73,49
1,50,73
0,73,50
0,57,50
0,61,50
0,50,63
0,50,63
1,10,4
0,58,60
0,58,60
0,57,49
0,61,50
0,48,76
0,48,76
0,66,39
0,66,39
0,49,77
0,48,73
0,49,77
0,48,73
1,38,38
0,76,74
0,66,50
0,66,69
0,73,49
0,66,69
0,66,67
0,60,50
0,60,50
0,60,50
0,76,66
0,73,54
0,50,67
0,72,65
0,50,67
0,50,67
0,73,54
0,50,67
0,14,14
1,45,47
0,50,70
0,65,70
0,74,58
0,76,69
0,75,68
0,4,16
0,70,61
0,14,14
0,8,6
0,75,77
0,75,77
0,76,69
0,50,60
0,48,73
0,48,73
0,69,50
0,69,50
0,65,70
0,63,63
0,65,70
0,77,75
1,61,61
0,77,75
0,48,50
0,48,50
1,61,61
0,71,71
1,58,58
0,67,39
0,73,50
0,57,65
0,76,55
0,14,14
1,76,72
0,14,14
1,76,72
0,60,50
1,61,61
0,66,51
1,50,60
0,73,50
1,50,60
1,50,60
1,61,61
0,70,60
0,50,48
0,3,5
0,50,48
1,29,36
1,61,61
0,54,50
0,5,2
0,58,39
0,58,39
0,54,69
0,50,61
0,50,61
0,77,57
0,77,57
0,10,11
0,60,68
0,60,68
0,51,64
0,59,39
0,39,61
0,39,61
0,76,49
0,10,11
0,77,68
0,10,11
0,59,39
0,50,48
0,74,54
0,50,60
0,50,60
0,54,60
0,46,76
1,50,66
0,74,76
0,74,76
0,69,50
0,68,68
1,48,48
0,64,69
0,39,66
1,50,66
0,57,60
0,73,50
0,73,50
0,2,14
0,76,67
0,76,67
1,50,66
0,77,50
1,50,66
0,77,50
0,48,60
0,48,60
1,50,66
1,50,66
0,14,14
1,2,2
1,2,2
0,50,54
0,50,54
0,16,10
0,66,70
0,73,73
0,66,70
0,66,70
0,66,70
0,66,70
0,14,14
0,45,77
0,14,10
0,50,50
0,54,69
0,54,70
1,69,50
1,69,50
0,57,56
0,48,42
0,50,69
0,35,35
0,50,69
0,71,46
1,69,50
0,60,48
0,10,9
0,6,11
0,42,74
1,74,66
0,50,58
0,50,47
1,60,61
0,66,70
0,60,61
0,67,67
0,9,9
0,49,74
0,73,54
0,73,54
0,11,6
0,60,76
0,54,54
0,50,60
0,50,60
0,54,54
0,58,58
0,50,54
0,77,66
1,61,60
0,51,54
0,76,70
0,76,70
0,74,59
0,74,59
1,61,62
0,47,46
0,9,4
0,50,54
0,71,71
0,50,54
1,28,33
1,28,33
1,76,76
1,76,76
0,6,6
0,54,60
0,70,77
0,60,50
0,60,50
1,73,60
0,47,58
0,60,77
0,60,77
0,48,50
0,48,50
1,75,72
0,75,45
0,50,57
0,50,57
0,47,58
0,68,70
1,39,71
0,42,62
0,49,60
0,39,74
0,39,74
0,46,77
0,2,8
0,76,65
0,77,50
0,74,46
0,39,71
0,77,50
0,77,50
1,42,42
0,6,3
0,60,42
0,6,3
1,42,42
0,33,28
0,33,28
1,58,77
0,42,51
1,24,24
1,24,24
0,50,48
0,50,48
0,65,57
0,8,14
0,50,48
0,49,41
0,50,70
0,50,70
1,28,28
0,54,73
1,39,39
0,54,73
0,67,56
0,67,56
0,71,67
1,28,28
0,45,76
0,41,67
1,48,60
0,48,60
0,48,60
0,47,50
0,39,46
0,39,46
0,65,54
0,74,60
0,74,60
0,57,60
0,57,60
0,59,48
0,72,50
0,70,42
0,60,48
0,54,50
0,60,48
0,11,16
0,60,48
0,69,65
1,76,77
0,63,65
0,63,65
0,61,70
0,42,59
1,76,77
0,2,10
0,2,10
1,35,35
1,35,35
0,62,69
1,70,70
0,65,70
0,57,50
0,55,76
0,22,22
1,3,3
0,50,57
0,42,73
0,70,61
0,41,50
0,10,13
0,12,2
0,16,11
0,59,74
0,59,74
0,12,2
0,74,76
0,74,76
0,51,70
1,69,69
0,69,65
0,55,68
0,60,50
0,70,68
0,70,65
0,60,60
0,70,65
0,54,65
0,54,65
0,77,50
0,77,50
0,73,57
0,50,69
0,50,69
0,60,54
0,48,76
0,50,69
0,65,76
0,57,59
0,68,57
1,54,54
0,50,77
0,50,77
0,61,61
0,68,69
0,68,69
0,57,55
0,68,50
1,75,56
1,75,56
0,65,51
0,65,51
0,50,71
0,28,30
0,60,68
0,60,68
0,28,30
0,50,54
0,77,49
1,7,10
0,61,70
1,7,10
1,7,10
1,11,10
1,11,10
0,65,54
0,65,54
0,50,41
0,51,57
0,76,65
0,65,65
0,65,65
0,70,39
1,49,49
0,45,60
1,49,49
0,60,74
0,76,74
0,76,74
1,76,59
1,76,59
1,76,59
1,76,59
0,73,73
0,73,73
0,71,65
1,76,59
0,74,58
0,75,75
0,77,75
0,75,75
0,73,77
0,73,77
0,71,42
0,13,13
0,77,66
0,77,66
1,35,35
1,35,35
0,73,75
0,61,47
1,57,60
1,57,60
0,50,39
0,33,28
0,60,60
0,60,70
0,65,56
0,77,42
0,58,47
0,45,70
0,66,55
0,72,70
0,54,42
0,55,63
0,72,76
0,66,76
0,55,76
0,73,42
0,62,64
0,64,69
0,55,60
0,66,74
0,50,50
0,54,69
0,65,66
0,42,49
0,70,77
0,59,66
0,67,55
0,77,62
0,72,67
0,65,70
0,66,45
0,66,77
0,70,50
0,72,65
0,58,47
0,55,61
0,49,62
0,56,60
0,67,39
0,55,60
0,47,64
0,77,60
0,42,47
0,50,50
0,74,70
0,50,75
0,70,54
0,70,63
0,70,55
0,39,58
0,9,9
0,50,50
0,9,11
0,33,28
0,60,50
0,60,77
0,24,24
0,58,66
1,60,60
0,61,62
0,70,49
0,73,76
0,70,64
0,51,51
0,68,70
0,49,65
0,70,65
0,51,70
0,56,72
0,39,74
0,30,28
0,51,42
0,70,57
0,47,63
0,36,36
0,49,45
0,72,66
0,55,67
0,72,66
1,46,60
1,46,60
0,77,64
1,75,72
0,69,57
0,42,51
0,62,77
0,67,77
0,66,77
1,57,68
0,69,57
0,69,57
0,72,67
0,39,63
0,59,45
0,50,60
0,70,65
0,76,77
0,45,74
0,61,55
1,46,41
1,46,41
0,39,70
0,50,71
0,62,41
0,77,66
0,37,35
0,58,47
0,77,76
1,76,76
1,76,76
0,71,71
1,70,70
0,39,70
0,57,69
0,71,71
0,56,49
0,60,50
0,7,4
0,71,71
1,67,66
0,67,70
1,67,61
0,66,77
0,21,21
0,70,54
0,70,62
0,74,64
0,60,55
1,71,71
0,76,75
0,70,63
0,70,54
1,71,71
1,71,71
0,76,62
1,71,71
1,74,74
1,74,74
0,28,33
0,55,41
0,66,69
0,69,49
0,71,50
0,66,66
1,68,68
0,49,49
0,39,74
0,67,50
0,70,55
0,10,10
0,55,39
0,21,21
0,67,50
0,64,46
0,76,39
0,66,67
0,47,58
0,50,45
0,22,21
0,39,66
0,72,66
0,75,42
0,6,6
0,5,12
0,5,2
0,49,69
0,58,48
0,56,68
0,66,47
0,21,34
0,55,74
1,68,68
1,68,68
0,21,24
1,37,37
0,77,50
0,66,39
0,4,7
1,2,2
0,47,39
0,24,22
0,62,62
0,74,61
0,74,65
0,60,42
0,41,64
0,58,74
0,64,57
1,77,50
1,77,50
1,73,73
0,47,62
0,64,57
1,73,73
0,12,5
0,62,65
0,59,66
0,57,66
0,70,48
0,62,70
0,74,49
0,66,76
0,50,60
0,11,7
0,50,60
0,64,74
0,72,66
0,69,70
0,64,54
0,77,77
0,74,55
1,35,35
0,71,39
0,7,10
0,2,8
1,69,70
0,76,58
0,66,67
0,61,65
0,74,67
0,49,47
0,49,47
0,60,68
1,39,39
0,65,48
0,54,41
0,58,59
0,67,66
0,60,47
0,65,39
0,70,64
0,47,46
0,37,34
0,77,64
0,72,57
0,65,61
0,64,62
0,12,7
0,63,64
0,58,66
0,57,64
0,10,5
0,57,64
0,56,50
0,69,39
0,68,41
0,77,64
0,39,62
0,45,50
0,67,72
1,75,60
0,47,56
1,74,74
1,74,74
1,75,60
1,7,7
0,72,68
0,60,50
1,47,60
1,47,60
0,45,65
1,41,61
0,62,45
0,59,66
1,41,60
0,62,56
1,67,67
0,59,58
1,77,77
0,60,51
0,59,64
0,38,34
0,5,11
0,45,62
0,64,51
0,42,60
0,60,61
0,60,61
0,62,63
0,76,58
0,58,76
0,41,62
0,39,58
1,67,69
0,8,2
0,46,64
0,55,49
0,73,54
0,66,59
0,60,56
0,74,45
1,50,60
0,45,46
0,36,35
0,58,71
0,69,65
0,58,39
1,54,60
0,68,74
0,11,9
0,58,76
0,67,76
0,66,76
0,66,76
0,47,66
1,63,63
0,47,61
0,64,49
0,39,69
0,69,70
0,66,67
0,67,56
0,51,63
0,51,63
0,74,76
0,67,76
0,67,76
0,49,46
1,76,71
1,48,42
0,60,39
0,60,39
1,48,42
1,76,71
0,42,42
1,60,60
1,34,38
0,65,70
0,35,35
0,65,70
0,51,64
0,65,69
0,16,11
0,38,36
0,50,60
0,50,60
0,57,70
0,64,77
0,65,74
1,71,47
0,77,60
1,51,39
1,51,39
0,49,41
0,77,60
0,55,50
0,36,38
0,46,49
0,64,39
0,75,65
1,60,71
1,60,71
1,70,65
1,70,65
1,54,54
0,41,72
0,59,74
1,46,48
0,67,74
0,66,65
0,66,56
1,62,69
0,41,70
0,76,67
0,76,67
0,60,76
0,49,77
0,45,56
0,75,65
0,77,54
0,61,77
0,77,64
0,67,55
0,48,56
0,72,41
0,54,77
0,48,76
0,60,61
0,60,61
0,9,11
0,48,46
0,67,60
0,67,60
1,36,36
0,33,27
0,46,50
0,63,66
0,59,39
0,55,70
0,54,70
0,49,69
1,74,74
0,70,74
0,64,70
0,42,61
0,39,58
0,11,16
0,39,72
1,75,50
0,70,39
0,62,39
0,68,67
1,50,50
1,50,50
0,54,77
1,60,48
1,60,48
0,64,74
0,61,71
0,55,66
0,72,55
0,65,70
0,70,67
0,60,49
0,61,71
0,77,70
0,62,49
0,72,64
0,65,50
0,66,77
0,11,11
0,64,39
0,73,77
0,73,77
0,63,50
0,22,24
0,39,73
0,67,72
0,73,62
0,45,66
0,71,71
0,51,70
0,74,61
0,11,12
0,24,22
0,49,55
0,70,60
0,66,69
0,16,16
0,67,65
0,58,70
0,65,72
0,41,60
0,41,60
0,74,61
0,77,69
0,7,13
0,33,28
0,50,61
0,55,69
0,57,69
0,77,54
0,60,55
0,62,77
0,77,61
0,66,66
0,74,69
0,64,66
0,64,66
0,57,66
0,63,39
0,55,56
0,69,50
0,64,67
0,67,76
0,41,71
0,71,73
0,76,46
0,42,64
1,34,33
0,66,39
0,47,39
0,64,72
0,34,36
0,28,33
0,28,33
0,21,35
0,62,70
0,77,77
0,60,60
0,77,61
0,77,61
0,60,60
0,70,72
0,39,69
0,77,61
0,64,69
0,62,69
0,63,69
1,34,34
1,34,34
0,74,69
0,63,70
0,60,54
0,70,64
0,76,71
0,61,54
0,61,54
0,61,54
0,8,12
0,65,64
0,47,58
0,72,67
0,72,67
0,12,8
0,66,66
0,70,54
0,60,55
0,54,45
0,54,45
0,54,45
0,39,66
0,50,60
0,66,73
0,66,73
0,28,33
0,37,37
0,60,48
0,55,60
0,66,57
0,49,66
0,47,51
0,47,51
0,62,70
0,39,41
0,39,41
0,70,65
0,41,71
0,58,49
0,45,73
0,62,57
0,45,73
0,45,73
0,73,72
0,48,50
0,48,50
0,7,12
0,61,74
0,61,42
0,39,51
0,46,76
0,61,46
0,50,60
0,50,63
0,50,63
0,67,55
0,73,62
0,61,50
0,39,50
0,60,50
0,2,8
0,2,8
0,64,57
0,61,56
0,72,65
0,63,64
0,63,64
0,49,68
0,50,61
0,64,41
0,64,41
1,63,59
1,63,59
0,67,76
0,66,62
0,73,73
0,67,47
0,49,73
0,8,14
0,8,14
0,61,62
0,57,48
0,71,66
0,70,47
0,47,73
0,76,49
0,69,39
0,67,46
0,70,64
0,47,57
0,63,61
0,28,28
1,68,68
0,74,51
0,69,65
0,2,10
0,65,66
0,66,71
0,71,42
0,77,73
1,72,39
0,73,64
0,61,47
0,60,70
0,73,42
0,65,65
0,65,56
0,12,11
0,45,70
0,73,67
0,71,70
0,74,60
0,70,51
0,74,42
0,70,54
0,72,70
0,55,67
0,39,69
0,60,54
0,6,2
0,72,66
0,33,28
0,55,48
0,64,70
0,47,66
0,70,50
0,54,50
0,70,61
0,51,63
0,41,39
0,45,56
0,54,70
0,70,59
0,70,49
0,70,77
0,63,60
0,74,61
0,62,70
0,10,9
0,73,41
0,77,62
0,59,66
0,65,70
0,39,69
0,77,60
0,28,27
0,71,41
0,2,6
0,2,4
0,2,13
0,66,45
0,50,64
0,74,68
0,70,77
0,2,13
0,2,4
0,2,4
0,56,47
0,73,50
0,39,74
0,9,7
0,49,62
0,61,77
0,56,57
0,60,50
0,42,49
0,50,60
0,33,28
0,70,74
0,60,50
0,60,63
0,55,66
0,55,65
0,50,63
0,39,70
0,72,67
0,69,65
0,74,73
0,39,66
0,72,54
0,46,67
0,50,39
0,61,68
0,39,70
0,56,46
0,66,60
0,74,41
0,61,63
0,14,14
0,70,49
0,70,64
0,12,7
0,74,63
0,70,64
0,70,57
0,58,64
0,69,67
0,56,60
0,69,57
0,70,54
0,77,64
0,39,41
0,76,59
0,70,64
0,69,57
0,77,64
0,65,47
1,39,60
0,70,63
0,70,55
0,70,39
1,39,60
0,71,63
0,73,76
0,64,77
0,64,48
0,64,70
0,64,48
1,61,54
0,61,41
0,55,77
0,70,63
1,39,60
0,45,64
0,74,49
0,76,62
0,62,41
0,66,72
1,76,46
0,66,55
0,63,70
0,64,77
0,66,74
0,47,42
0,39,46
0,66,77
0,72,66
0,57,64
0,54,50
0,66,66
0,70,64
0,13,10
0,70,54
0,66,56
0,71,65
1,62,62
0,73,74
1,62,62
0,77,64
0,73,76
0,50,60
1,54,60
0,73,57
0,39,62
0,70,68
0,57,67
1,60,60
1,60,60
1,60,60
0,39,66
1,60,60
0,61,60
0,42,48
0,22,26
0,55,47
0,71,67
0,72,77
0,36,38
0,55,55
0,64,64
0,28,33
0,28,33
0,62,76
0,50,60
0,66,67
0,64,64
0,67,77
0,55,41
0,67,66
0,66,76
0,41,62
0,64,39
0,64,39
0,77,50
0,67,77
0,77,64
0,60,46
0,51,48
0,76,77
0,55,61
0,11,12
0,8,7
0,48,50
0,63,61
0,39,65
0,11,7
0,66,39
0,5,10
0,50,48
0,50,48
0,63,68
1,48,75
0,50,61
0,67,57
0,77,60
0,10,6
0,7,10
0,61,61
0,57,64
0,66,72
0,57,64
0,47,55
0,7,16
0,41,63
0,67,77
0,46,47
0,64,77
0,70,50
0,7,8
0,7,11
0,69,54
0,45,46
0,77,67
0,10,4
0,76,55
0,70,50
0,57,67
0,39,59
0,2,4
0,13,10
0,77,67
0,50,50
0,64,63
0,66,67
1,77,77
0,61,57
0,63,63
0,48,66
0,61,46
1,67,67
0,47,74
0,74,75
0,77,66
0,66,51
0,61,61
0,73,47
0,50,70
0,10,9
0,61,61
0,56,47
0,77,61
0,10,12
0,60,50
0,59,47
0,76,70
0,62,64
0,60,46
0,65,72
0,10,6
0,61,50
0,60,47
0,61,74
0,54,69
0,61,50
0,61,50
0,9,10
0,46,47
0,4,11
0,65,62
0,77,64
0,68,75
0,36,34
0,65,57
0,46,60
0,67,57
0,59,65
0,46,61
0,64,63
0,66,39
0,76,64
0,16,16
1,36,36
0,56,56
0,50,60
0,50,60
1,65,55
1,65,65
0,50,65
1,76,76
0,2,12
0,5,2
1,76,76
0,50,61
1,58,71
1,58,71
0,50,61
0,50,61
0,47,60
0,76,65
0,66,66
0,60,46
0,50,72
0,12,7
0,61,45
0,67,76
0,49,49
0,37,35
0,7,14
0,47,47
0,37,35
0,45,50
0,64,64
0,56,74
0,39,66
0,47,61
0,10,4
0,63,75
0,65,77
0,60,60
0,76,63
1,74,74
1,74,74
0,67,65
0,47,55
0,72,39
0,46,45
0,6,11
0,74,57
0,58,73
0,39,61
0,8,7
0,76,71
0,76,71
0,76,67
0,42,39
1,35,34
0,77,50
0,77,50
0,48,39
0,65,67
0,70,63
0,61,39
0,77,75
0,69,57
0,7,11
0,62,76
0,75,47
0,63,70
0,55,60
0,63,61
0,57,70
0,39,77
0,77,49
0,11,8
0,58,69
0,16,16
0,41,39
0,46,57
0,13,2
0,57,47
1,9,9
0,5,2
0,54,60
0,54,60
0,76,54
0,77,56
0,65,71
0,48,71
0,48,71
0,60,66
1,50,60
0,69,70
0,72,74
0,60,77
0,70,75
1,51,51
0,75,50
0,66,72
0,72,71
0,58,66
0,47,70
1,74,74
0,42,70
0,60,63
0,9,10
1,76,60
1,54,67
0,57,70
0,64,63
0,71,74
0,64,77
0,71,64
0,72,65
0,61,77
0,60,74
0,59,70
0,64,70
0,63,47
0,75,76
0,64,50
0,55,70
0,72,64
0,62,77
0,76,65
0,50,70
0,10,8
0,62,49
0,74,60
0,59,60
0,59,77
0,2,7
0,67,70
0,55,56
0,66,41
0,4,2
0,4,2
0,64,68
0,77,66
0,64,77
0,66,72
0,51,70
0,77,66
0,60,71
0,35,37
0,76,60
0,66,72
0,75,58
0,39,67
0,39,67
1,4,4
0,57,72
0,66,72
0,60,54
0,49,42
0,45,66
0,77,69
0,66,69
0,4,2
0,66,77
0,39,69
0,77,74
0,12,8
0,60,75
0,63,74
0,64,72
0,76,76
0,60,60
0,76,41
0,64,39
0,77,64
0,60,57
0,77,69
0,54,72
0,62,70
0,66,72
0,4,2
0,57,55
0,74,49
0,28,27
1,50,50
1,50,50
0,70,60
0,75,75
0,54,67
0,72,64
0,60,55
1,68,68
0,63,69
0,49,69
0,76,66
0,63,42
0,26,22
0,4,4
0,55,69
0,77,66
0,49,56
0,74,70
1,68,75
0,62,50
0,10,8
0,74,61
0,47,76
0,50,56
0,57,69
0,60,50
0,70,76
0,62,49
0,63,69
0,75,66
0,69,66
0,41,67
0,61,61
0,74,47
0,67,71
0,67,71
0,68,74
0,27,33
0,75,42
0,65,55
1,39,72
0,74,70
0,72,58
1,60,60
1,60,60
0,62,65
0,48,74
0,75,39
0,62,73
0,74,64
0,70,48
1,66,76
0,58,66
0,70,72
0,50,60
0,41,76
0,71,74
0,76,72
0,65,50
0,64,39
0,58,76
0,73,62
0,57,59
0,50,54
0,49,73
0,48,55
0,77,64
0,76,75
0,57,70
0,55,49
0,60,39
0,74,64
0,41,61
0,75,39
0,75,39
0,69,65
0,62,76
0,28,33
0,70,54
0,76,64
0,63,73
0,42,54
0,75,76
0,65,42
0,54,69
0,65,70
0,75,69
0,8,10
0,55,39
0,49,50
0,60,39
0,42,55
0,39,67
0,39,47
0,39,47
0,67,76
0,70,65
0,65,72
0,68,66
0,65,54
0,61,61
0,56,71
0,29,33
0,64,77
0,8,16
0,50,70
0,47,49
0,27,28
0,76,69
0,69,67
0,8,2
0,8,2
1,60,66
0,75,73
0,70,65
1,54,54
1,54,54
0,47,56
0,60,50
0,2,7
0,2,7
0,2,16
0,2,8
0,54,70
0,7,8
0,7,8
0,50,49
0,73,64
0,68,69
0,55,46
0,68,73
0,48,49
0,56,49
1,11,11
0,8,2
0,70,72
0,16,16
0,77,45
0,8,2
0,67,72
0,8,9
0,16,4
0,67,46
0,4,16
1,11,11
0,71,61
0,39,70
0,55,55
0,66,39
1,72,72
0,49,77
0,74,54
0,60,61
0,16,2
0,73,61
0,61,47
0,51,57
0,65,56
0,39,61
0,77,42
0,33,29
0,59,60
0,72,70
0,55,67
0,64,77
0,70,42
0,75,70
0,22,23
0,55,76
0,60,60
0,72,66
0,65,72
0,57,46
0,69,66
0,70,57
0,70,60
0,54,70
0,73,41
0,69,65
0,70,77
0,7,9
0,63,60
0,55,57
0,66,49
0,62,76
0,50,47
0,50,76
0,65,70
0,50,64
0,67,55
0,2,6
0,2,13
0,55,65
0,70,50
0,70,49
0,55,60
0,70,51
0,76,67
0,55,60
0,70,74
0,73,49
0,70,56
0,16,6
0,2,4
0,61,77
0,77,60
0,74,70
0,65,65
0,57,74
0,55,65
0,50,77
0,50,76
0,73,75
0,70,41
0,55,75
0,64,77
0,22,24
0,72,54
0,72,65
0,39,60
0,54,50
0,67,66
0,77,61
0,66,48
0,73,39
0,50,39
0,69,57
0,50,65
0,72,66
0,70,64
0,70,49
0,41,49
0,66,76
0,70,65
0,30,28
0,74,57
1,64,64
0,64,48
0,50,77
0,46,67
0,64,48
0,66,39
0,71,41
0,72,66
0,66,67
0,70,45
0,54,70
0,54,70
0,65,47
0,77,64
0,69,57
0,73,51
0,66,45
0,63,67
0,70,41
0,71,72
0,57,45
1,51,50
0,61,50
0,69,65
0,61,63
0,61,63
1,51,50
0,70,63
0,66,64
0,12,4
0,72,66
0,70,54
0,49,61
0,70,63
0,67,77
0,76,62
0,66,47
0,58,63
0,75,59
0,58,39
0,74,60
0,63,72
0,72,67
0,39,69
0,73,75
0,56,55
0,73,74
0,76,77
0,73,77
0,76,77
0,59,59
0,45,47
0,66,55
0,55,41
0,57,55
0,59,63
0,46,54
0,68,51
0,8,7
0,41,60
0,41,60
0,77,64
0,70,74
0,77,64
0,51,68
0,77,62
0,36,34
1,58,47
1,60,60
1,74,67
0,56,55
0,7,8
0,23,24
0,70,59
0,34,34
0,64,51
0,24,23
0,73,76
0,70,62
0,54,75
0,63,66
0,41,50
0,4,11
0,71,67
0,71,72
0,71,72
0,50,41
0,65,68
0,76,70
0,73,64
0,72,45
0,49,64
0,60,60
0,50,60
0,50,60
0,39,67
0,66,75
0,41,57
0,72,76
0,41,60
0,50,45
0,58,72
0,64,59
1,60,50
1,60,50
0,3,16
0,58,76
0,58,76
0,64,69
0,60,48
0,61,66
0,41,47
0,57,77
0,49,50
0,7,11
0,71,59
0,74,49
0,45,50
0,49,50
0,74,60
0,74,60
0,61,51
0,16,3
1,72,72
0,64,60
0,69,64
0,58,56
0,39,77
0,39,64
0,76,54
0,66,39
0,66,39
0,59,77
0,62,76
0,60,47
0,10,13
0,76,67
0,16,16
0,51,64
0,74,70
0,59,64
0,13,10
0,67,66
0,64,50
0,77,57
0,63,63
0,66,65
1,75,64
0,74,45
0,73,73
0,56,50
0,62,50
0,11,3
0,62,55
0,16,2
0,71,50
0,77,66
0,8,10
0,62,72
0,50,49
0,60,64
0,45,48
0,10,13
1,72,45
0,41,45
0,68,47
0,50,56
0,49,49
0,66,39
0,45,48
0,68,39
0,69,61
0,13,6
0,45,41
0,55,74
0,75,74
0,39,66
0,39,66
0,67,67
0,74,75
0,76,47
0,10,10
0,51,51
0,2,16
0,65,66
0,45,50
0,42,51
0,74,55
0,71,77
0,41,48
0,66,76
0,72,58
0,28,27
1,54,54
0,70,73
0,77,67
0,74,75
0,70,62
1,50,50
0,7,8
0,6,7
0,67,69
0,55,71
0,41,55
0,76,66
1,50,50
1,60,46
1,60,46
0,77,59
0,50,60
0,72,77
0,48,46
0,71,64
0,50,64
0,39,66
0,50,62
0,10,7
0,76,72
0,77,74
0,51,42
0,77,48
0,7,11
1,35,35
0,60,74
0,60,74
0,64,75
0,61,77
1,39,71
0,46,75
0,47,60
0,64,77
0,56,55
1,39,71
0,60,76
0,60,76
0,65,50
0,39,70
0,67,67
0,45,58
0,45,46
0,45,58
0,61,69
0,50,45
0,65,69
0,5,11
0,50,45
0,48,41
0,62,63
0,77,60
0,48,60
1,28,38
1,54,54
0,77,64
0,70,67
0,39,64
0,69,65
0,50,48
0,11,11
0,77,49
0,60,77
0,60,69
0,47,61
0,48,51
0,9,10
0,64,74
0,64,49
0,58,58
0,46,76
0,46,76
0,11,16
0,69,65
0,50,39
0,47,47
0,64,70
1,77,50
1,77,50
0,56,66
1,77,50
0,59,70
0,5,2
1,47,71
0,51,68
1,50,60
1,47,71
0,76,55
0,65,70
0,65,70
0,65,69
0,67,59
0,62,47
0,46,50
0,51,70
0,49,60
0,74,60
0,60,61
0,60,61
0,74,60
0,6,10
0,70,70
0,39,67
0,13,2
0,60,77
1,76,62
0,69,50
0,69,50
0,39,58
1,4,4
0,6,9
0,66,72
0,54,70
0,66,65
0,47,39
0,77,50
0,45,66
0,68,74
0,58,39
0,64,70
0,58,39
0,71,64
0,71,64
0,45,42
0,57,70
0,68,55
0,74,70
0,70,48
0,55,50
0,50,70
0,55,50
1,57,48
1,57,48
0,70,51
0,74,72
0,68,64
1,57,48
0,46,50
0,74,70
0,10,12
0,60,77
0,67,70
0,62,77
0,55,50
0,65,70
0,69,65
0,75,73
0,67,77
0,77,62
0,77,64
0,55,70
1,76,76
1,72,76
0,41,73
1,76,76
0,49,57
0,21,25
0,55,62
1,42,58
0,77,42
0,48,64
0,61,75
1,39,77
0,39,47
0,76,50
0,41,74
0,49,74
0,39,73
0,47,72
0,66,50
0,56,70
0,65,70
0,55,75
0,64,68
0,4,2
0,45,71
0,4,2
0,49,69
0,55,64
0,62,76
0,49,54
0,76,75
0,42,70
0,64,50
0,54,57
0,75,72
0,54,69
0,29,33
1,68,57
0,71,71
0,62,49
0,28,27
0,71,71
0,51,70
0,67,69
0,71,63
0,74,69
0,55,39
0,71,63
0,49,48
0,39,56
0,69,77
0,64,76
0,64,76
1,35,36
0,47,58
0,49,64
0,61,77
0,49,48
0,66,72
0,50,54
0,56,56
0,75,73
0,75,73
0,51,68
0,67,71
0,48,76
0,66,72
0,50,75
0,59,70
0,42,55
0,50,75
0,57,70
0,59,77
1,49,49
0,62,73
0,76,48
0,62,64
0,49,65
0,69,46
0,62,64
0,57,70
0,59,70
0,67,39
0,48,61
0,59,70
0,48,48
0,75,39
0,48,69
0,70,39
0,68,48
0,77,74
0,56,39
0,39,58
0,73,66
0,77,64
0,70,49
0,48,61
0,48,61
0,47,48
0,45,73
0,56,56
0,56,51
0,63,70
0,2,2
0,8,6
0,76,67
0,6,7
0,6,7
0,70,67
0,64,69
0,76,65
0,76,65
0,63,64
0,39,61
0,39,61
0,50,73
0,48,64
0,75,76
0,51,56
0,67,39
0,55,69
0,55,69
0,72,67
0,62,72
0,7,8
0,7,8
0,65,54
0,63,41
0,70,54
0,50,70
0,22,22
0,61,51
0,73,76
0,63,66
0,74,54
0,63,61
0,49,61
0,73,73
0,41,59
0,54,61
0,69,72
0,72,56
0,73,77
0,73,77
0,45,76
0,55,69
1,69,70
1,69,70
0,70,65
0,64,76
0,64,76
0,50,48
0,45,76
0,75,77
0,63,48
0,63,48
0,72,66
0,70,68
0,13,2
0,61,54
0,51,49
0,62,50
0,57,39
0,74,47
0,45,45
0,76,50
0,55,73
0,64,77
0,56,68
0,74,42
0,74,42
0,7,8
0,64,47
0,64,47
0,49,58
0,2,8
0,76,45
0,76,46
0,76,46
0,62,71
0,73,66
0,73,66
0,48,59
0,61,46
0,75,72
0,75,72
0,73,75
0,39,69
0,50,49
0,50,39
0,50,39
0,77,69
0,46,62
0,76,66
0,69,67
0,77,62
0,47,66
0,50,76
0,50,76
0,61,68
0,61,68
0,76,49
0,50,39
0,61,54
1,6,8
0,76,57
0,76,57
0,6,8
0,51,48
0,8,2
0,61,39
0,61,39
0,73,62
0,73,62
0,66,75
0,51,51
0,8,9
0,64,76
0,22,22
0,66,71
0,61,50
0,61,50
0,70,49
1,58,45
1,69,62
0,28,27
0,75,75
0,59,42
0,25,21
0,2,10
0,41,71
0,58,49
0,54,49
0,41,73
0,8,6
0,8,6
0,54,49
0,70,77
0,70,77
0,11,12
0,66,72
0,61,47
0,74,54
0,70,59
0,70,47
0,73,70
0,48,61
0,65,56
0,49,57
0,73,70
0,64,77
0,49,77
0,71,70
0,70,65
0,49,61
0,62,70
0,73,50
0,63,67
0,55,76
0,39,70
0,73,75
0,22,23
0,68,45
0,49,69
1,50,50
0,54,69
0,74,60
0,50,55
0,66,66
0,54,70
0,50,69
0,70,47
0,70,65
0,7,9
0,73,41
0,62,41
0,70,55
0,70,50
0,39,70
0,70,74
0,73,49
0,69,67
0,8,11
0,9,9
0,72,66
0,77,60
0,65,70
0,67,66
0,63,64
0,2,7
0,2,6
0,77,62
0,54,42
0,57,49
0,55,60
0,77,64
0,46,67
0,2,4
0,22,26
0,67,63
0,41,49
0,70,47
0,55,65
0,55,61
0,71,63
0,73,64
0,72,70
0,30,28
0,57,54
0,7,13
0,73,41
0,62,77
0,75,67
0,66,45
0,28,30
0,71,69
0,74,48
0,61,63
0,47,57
0,59,72
0,54,50
0,77,76
0,59,45
0,55,67
0,28,29
0,2,6
0,70,57
0,66,48
0,76,72
0,70,49
0,2,6
0,69,57
0,54,75
0,55,67
0,70,67
0,48,67
0,70,47
0,55,49
0,70,68
0,41,76
0,39,70
0,74,48
0,57,57
0,57,57
0,2,4
0,45,64
0,65,39
0,62,77
0,73,57
0,73,62
0,33,27
0,70,50
0,77,55
0,70,67
0,65,57
0,61,50
0,64,48
0,64,48
0,66,63
0,55,41
0,74,68
0,74,68
0,68,66
0,64,68
0,50,55
0,46,74
0,63,39
1,54,54
0,66,67
0,13,6
0,72,67
0,68,39
0,68,39
0,46,55
0,39,66
1,74,74
0,6,11
0,70,49
1,54,54
1,54,54
0,45,77
0,72,65
0,70,62
0,77,56
0,67,50
0,77,45
0,41,63
0,45,45
0,50,60
0,50,60
0,54,76
0,72,65
0,62,77
0,62,77
0,62,77
0,77,64
1,50,60
1,34,35
0,60,49
0,72,47
0,61,75
0,77,39
1,50,60
0,7,2
0,8,8
0,66,56
0,57,48
0,55,56
0,8,6
0,64,64
1,72,58
1,72,58
0,72,74
0,74,75
0,76,65
1,28,28
0,67,39
1,36,36
1,28,28
1,28,28
0,75,77
1,54,60
0,56,66
1,54,60
0,67,39
1,70,2
0,74,49
0,35,38
0,2,2
0,64,50
0,75,67
0,66,76
0,77,74
0,56,60
0,60,73
0,69,68
0,56,60
0,6,8
0,76,50
0,76,50
0,63,70
0,22,26
0,75,74
0,51,61
0,47,60
0,10,8
1,72,72
1,60,67
0,77,39
1,60,67
0,38,35
0,70,61
0,59,77
0,70,51
0,58,67
0,67,57
0,77,60
0,50,42
0,76,66
1,56,49
1,56,49
0,8,6
1,66,74
0,57,50
0,66,77
0,57,50
0,66,77
1,39,39
0,46,47
0,45,42
0,60,61
0,69,39
0,58,67
0,41,72
0,76,74
0,76,74
0,66,56
0,41,64
0,41,64
0,47,49
0,45,45
0,6,12
0,70,64
1,77,71
1,57,67
0,72,47
0,26,26
0,68,39
0,41,50
1,57,57
0,12,8
0,67,76
0,67,76
0,67,76
0,77,77
0,77,77
1,55,55
0,60,60
0,77,48
0,66,59
0,64,69
0,42,45
0,8,11
0,23,25
0,39,57
0,61,71
0,66,58
0,39,41
0,59,66
0,60,42
0,60,59
0,55,47
0,50,64
0,66,77
0,66,77
0,76,77
0,76,46
0,65,70
0,50,76
0,50,76
0,65,70
1,50,60
1,50,60
0,47,65
0,66,72
0,45,42
0,76,62
0,75,45
1,77,77
0,73,77
0,77,66
1,64,61
0,77,66
1,77,50
0,77,64
1,64,61
1,28,28
0,69,58
0,76,67
0,76,67
0,41,60
0,76,67
1,64,61
1,64,61
0,66,58
0,60,47
0,42,45
1,28,28
0,62,76
0,41,55
0,76,50
0,39,70
0,57,67
0,67,56
0,61,63
0,67,56
0,50,77
0,62,47
0,60,41
1,46,46
0,48,71
0,10,7
1,46,46
0,64,42
0,64,42
1,3,3
0,58,76
1,54,54
1,3,3
0,48,48
1,3,3
0,48,48
1,54,54
0,7,11
0,58,66
0,47,61
0,60,47
0,69,65
0,60,47
0,47,60
0,69,65
0,47,60
0,57,67
1,77,41
0,60,55
0,50,75
0,4,14
0,54,47
0,77,74
1,77,41
0,51,61
0,58,71
0,72,59
0,57,77
0,65,70
0,45,75
0,65,70
0,76,70
0,74,77
1,36,34
0,61,69
0,46,60
0,68,70
1,58,76
0,69,61
0,45,71
0,25,24
0,68,51
0,51,42
0,64,64
0,45,59
0,72,66
0,50,76
0,24,23
0,61,77
0,58,76
0,47,76
0,66,77
0,71,48
1,50,50
0,51,61
1,50,50
0,48,72
0,54,72
0,64,50
0,42,39
0,77,57
0,70,41
0,69,65
0,69,65
0,66,50
0,42,51
0,75,54
0,75,54
0,76,49
1,55,68
0,50,42
0,48,64
0,75,65
0,48,64
0,77,66
0,51,42
0,47,49
0,60,46
0,60,46
0,77,57
0,50,54
0,68,77
0,66,39
0,66,39
0,65,47
0,47,58
0,59,70
0,76,74
0,76,74
0,39,69
0,54,60
0,54,60
0,51,60
0,66,77
0,59,68
0,59,68
0,77,61
0,51,60
0,54,74
0,42,73
0,61,69
0,51,45
0,76,47
0,56,61
0,41,60
0,49,77
0,77,54
0,56,39
1,60,65
1,60,71
1,60,60
1,60,60
0,23,22
0,42,68
0,77,64
0,76,69
0,70,54
0,67,59
0,13,2
0,77,73
0,77,50
0,55,57
1,3,16
0,61,51
0,4,2
1,3,16
0,39,74
0,67,57
0,70,39
0,70,39
0,70,39
0,68,55
0,68,55
0,70,39
0,63,68
0,77,60
1,49,48
0,73,39
0,77,49
0,71,58
1,49,48
0,66,72
1,49,48
0,66,72
0,69,72
0,55,60
0,51,70
0,60,77
0,75,39
0,22,21
0,7,2
0,67,72
0,63,60
0,45,42
0,74,70
0,74,72
0,50,70
0,66,70
0,77,76
0,61,74
0,60,75
0,60,75
0,49,69
0,60,72
0,55,50
0,62,56
0,62,47
0,65,39
0,60,51
0,70,49
0,72,76
0,50,60
0,50,60
0,45,66
1,63,60
1,63,60
0,60,48
0,49,73
0,50,71
0,76,73
0,61,60
0,70,50
0,67,77
0,67,77
0,59,70
0,75,57
0,75,57
0,70,77
0,64,77
0,69,64
0,67,70
0,68,70
0,39,66
0,54,70
0,28,27
0,76,64
0,51,70
0,49,70
0,60,55
0,66,77
0,55,56
0,66,67
0,48,72
0,66,55
0,7,8
0,66,76
0,74,70
0,65,70
0,10,8
0,77,51
0,77,51
0,70,62
0,66,68
0,70,64
0,39,65
0,54,63
0,66,77
0,8,9
0,8,9
0,70,65
0,4,2
0,4,2
0,62,60
0,72,50
0,75,42
0,49,55
0,48,48
0,59,50
0,48,60
0,48,50
0,57,70
0,47,70
0,56,77
0,65,55
0,69,67
0,77,56
0,64,47
0,65,47
0,48,61
0,60,63
0,48,61
0,64,45
0,57,51
0,70,51
0,62,77
0,76,61
0,70,71
0,60,74
0,66,65
0,28,28
0,61,60
0,48,61
0,55,56
0,62,50
0,76,59
0,47,73
0,50,70
0,26,22
0,42,68
0,74,66
0,60,50
0,56,60
0,56,60
0,9,3
0,9,3
0,54,60
0,51,65
0,4,2
0,60,50
0,47,73
1,39,72
0,67,57
0,30,28
0,48,74
0,49,69
0,55,67
0,65,72
0,65,72
0,60,61
0,65,61
0,60,61
0,49,74
0,70,54
0,62,76
0,66,57
0,41,76
0,2,2
0,60,61
0,60,61
0,70,74
0,67,47
0,2,8
0,74,68
0,24,22
0,39,66
0,56,49
0,71,76
0,64,64
0,42,55
0,73,39
0,73,39
0,48,61
0,50,39
0,76,71
0,76,71
0,28,28
0,66,66
0,76,50
0,57,65
0,60,50
0,66,39
0,56,64
0,28,28
0,65,50
1,8,8
0,76,41
0,39,66
0,37,37
0,54,74
0,48,59
0,54,74
0,54,74
0,55,69
0,54,74
0,70,61
0,73,66
0,22,24
0,75,73
0,64,50
0,64,64
0,64,64
0,67,70
0,50,69
0,54,54
0,60,45
0,60,45
0,41,65
0,54,54
0,74,73
0,60,48
0,68,66
0,68,66
0,65,62
0,77,62
0,42,42
0,62,61
1,60,77
0,70,73
1,60,77
0,62,61
0,50,50
0,72,65
0,72,65
0,74,77
0,51,57
0,51,57
0,2,8
0,70,65
0,45,54
0,54,61
0,14,8
0,50,76
0,64,57
0,64,57
0,70,54
0,50,76
0,55,49
0,50,76
0,50,76
0,59,46
0,41,62
0,42,76
0,47,49
0,41,41
0,76,59
0,76,59
0,73,62
0,61,74
0,41,61
0,61,54
0,77,60
1,76,74
0,47,39
1,76,74
0,61,60
0,61,60
0,62,68
0,49,46
0,60,63
0,4,2
0,50,61
0,50,61
0,50,73
0,56,72
0,50,64
0,76,64
0,49,68
0,49,68
0,8,10
0,66,72
0,48,48
0,48,48
0,60,69
0,60,69
1,62,62
1,62,62
0,13,8
0,41,50
0,41,50
0,8,14
0,8,8
0,61,73
0,61,73
0,60,75
0,8,2
0,8,2
1,60,54
0,60,54
0,63,63
0,76,60
0,76,60
0,60,47
0,54,61
0,50,45
0,68,64
0,63,73
0,76,51
0,76,51
0,74,49
0,51,76
0,51,76
1,50,63
0,66,61
1,70,70
1,70,65
1,57,58
0,76,66
0,61,54
1,57,58
0,57,50
0,61,62
0,61,62
0,63,54
0,74,49
0,70,39
0,11,11
1,64,73
0,62,67
1,64,73
0,62,67
0,68,49
0,68,49
0,8,13
0,8,13
0,47,73
0,41,77
0,60,76
0,60,76
0,50,48
0,50,73
0,50,73
0,61,54
1,48,56
0,61,54
0,65,57
0,76,66
0,73,76
1,55,70
0,55,70
0,8,8
0,46,77
0,46,77
0,16,10
0,16,10
0,47,70
0,61,73
0,61,73
1,41,50
0,35,35
1,41,50
0,73,51
1,46,46
0,73,51
0,50,60
0,28,30
0,22,21
0,49,56
0,48,66
0,47,65
0,46,72
1,35,35
0,77,62
0,39,59
0,38,36
1,35,35
1,35,35
1,35,35
0,75,45
0,75,45
1,71,71
1,71,71
0,59,76
0,69,66
0,63,74
0,63,74
0,50,54
0,64,76
1,73,62
0,39,72
0,68,57
0,63,68
0,51,47
0,74,62
1,57,60
0,77,60
0,77,60
0,50,50
0,67,50
1,50,50
0,67,72
1,50,50
0,68,62
0,54,54
0,63,77
0,33,33
0,72,50
0,70,55
0,59,70
0,59,70
0,54,54
0,73,50
0,54,48
0,71,60
0,71,60
0,47,42
0,71,50
0,71,50
0,76,39
0,49,50
0,56,50
0,58,71
0,58,71
1,66,60
0,76,60
0,76,60
0,69,55
0,66,68
1,66,59
0,49,57
0,48,55
0,71,48
0,71,48
1,67,67
0,72,50
1,67,67
0,72,50
0,42,51
0,77,50
0,57,50
0,57,50
0,60,61
0,77,50
0,56,66
1,75,74
0,70,70
1,75,74
0,55,57
0,50,73
0,74,41
0,70,60
0,70,60
1,70,60
1,50,50
0,69,75
0,50,77
0,50,77
1,50,50
0,62,71
0,62,71
1,54,48
1,54,48
1,61,60
0,63,48
0,73,64
0,63,48
0,72,76
1,50,50
1,76,76
0,71,48
0,71,48
0,61,55
0,50,50
1,74,50
0,60,48
1,70,70
0,50,62
1,57,57
1,57,57
1,67,59
0,50,62
0,61,60
0,61,60
0,54,50
1,65,65
1,65,65
0,33,27
0,33,27
0,50,54
1,41,60
1,41,60
0,54,60
1,68,72
0,54,54
0,39,50
0,54,48
0,66,76
0,55,69
0,57,76
0,57,76
0,75,74
0,69,60
0,75,74
0,59,77
0,69,60
1,50,54
1,50,54
0,50,60
0,50,60
0,55,54
0,54,50
0,73,39
1,57,57
0,69,50
0,57,74
0,69,50
0,39,45
0,39,45
1,70,48
1,70,48
0,54,48
1,73,65
1,61,45
0,64,50
0,64,50
0,45,42
0,76,67
0,39,57
0,64,62
0,46,70
0,75,67
0,42,46
0,51,60
0,65,56
0,13,3
0,2,12
1,59,59
0,2,12
0,69,50
0,13,3
0,69,50
0,39,67
0,45,70
0,45,70
0,54,42
0,46,46
0,50,54
0,57,65
0,61,62
0,49,70
0,61,62
0,63,51
1,50,50
1,50,50
0,50,76
0,50,76
0,2,7
0,71,57
0,54,60
0,54,48
0,54,48
0,54,60
0,77,45
0,57,57
0,64,60
0,61,66
0,56,39
0,56,39
0,64,60
1,73,73
0,2,4
0,46,60
0,46,60
0,41,48
0,75,57
0,56,70
1,77,77
1,77,77
0,65,72
0,41,48
0,2,4
0,67,65
1,54,51
0,62,77
1,73,73
0,65,47
0,62,54
0,60,47
0,54,51
0,46,76
0,49,60
0,73,58
1,50,60
0,77,73
0,6,2
0,50,60
0,67,73
0,50,60
1,61,70
1,61,70
0,42,39
1,74,60
1,74,60
0,75,60
0,60,50
0,42,42
1,55,61
1,55,55
1,48,60
0,75,60
0,60,50
0,50,50
0,74,64
0,74,64
0,68,64
1,55,55
0,60,70
0,42,60
0,60,70
0,42,60
0,70,50
0,70,50
0,77,50
0,50,69
0,50,69
0,49,60
0,48,61
0,48,61
1,71,48
0,47,50
0,41,60
0,70,60
0,47,50
0,55,77
0,74,54
0,72,76
1,75,69
0,49,60
0,39,67
0,51,54
0,71,48
0,6,2
1,48,41
1,48,41
0,6,2
0,7,2
0,61,61
0,7,2
0,73,60
1,48,41
0,51,62
1,48,41
0,70,70
1,74,76
1,70,50
1,70,50
1,48,73
1,66,66
1,76,60
0,46,63
1,76,60
0,49,60
0,69,61
0,49,48
0,49,48
0,47,50
1,73,73
0,60,48
1,76,48
1,76,48
0,61,46
0,61,46
1,73,73
0,60,50
0,60,50
0,60,50
1,56,61
0,50,64
0,50,64
0,39,70
0,61,61
1,68,39
0,64,61
0,76,45
0,76,45
0,74,60
0,54,74
0,54,48
0,54,48
0,66,74
0,63,63
0,62,70
0,74,48
0,66,74
0,28,27
1,65,74
0,2,3
1,54,54
1,54,54
0,50,69
0,50,69
1,50,73
1,50,73
0,62,61
1,70,70
0,61,50
0,61,76
0,60,48
0,62,62
1,42,73
0,76,74
1,65,65
0,50,77
0,73,70
0,70,39
0,76,74
0,65,76
1,57,50
1,57,50
1,66,42
0,67,60
0,67,60
0,66,70
0,27,29
1,51,51
0,51,68
0,42,42
1,50,54
0,42,42
1,51,51
1,67,60
1,50,54
0,76,73
1,61,54
1,61,61
0,12,7
1,50,50
1,50,50
0,70,49
0,30,30
1,50,42
0,57,50
0,72,66
0,72,66
0,50,48
1,50,42
1,70,70
0,8,3
1,50,42
0,50,48
1,60,70
1,60,70
1,35,35
0,50,64
0,30,30
1,50,50
0,64,76
0,64,76
1,50,50
1,50,54
1,50,75
0,56,42
1,74,50
1,74,74
1,75,60
1,75,60
1,41,41
0,39,67
0,56,42
0,7,10
1,48,76
1,77,54
1,77,54
0,61,60
1,48,76
0,59,64
1,57,39
0,77,74
1,57,39
0,56,71
0,41,39
0,70,50
0,70,50
1,60,61
0,70,68
0,70,68
0,70,50
0,54,60
0,54,60
0,72,74
0,72,74
0,76,72
1,50,50
1,50,50
0,67,74
0,60,49
0,67,67
1,70,70
0,60,54
0,54,60
0,51,50
1,57,57
0,51,50
1,60,60
0,67,74
0,13,3
0,13,3
0,13,3
0,60,50
0,11,7
0,60,50
0,76,74
0,60,49
0,63,60
0,73,71
0,48,48
0,69,54
0,63,60
1,61,61
1,61,61
0,66,71
1,54,50
1,50,75
0,39,77
1,49,70
0,62,62
0,48,73
0,60,75
0,72,65
0,60,75
0,60,75
0,66,59
0,74,70
0,60,61
1,50,48
1,50,48
1,50,48
1,71,57
1,60,50
1,48,60
1,48,60
0,60,50
0,60,50
0,50,50
1,48,60
1,60,50
0,74,60
1,50,60
0,50,60
0,74,60
0,50,60
0,64,54
0,76,76
0,55,64
0,54,60
0,39,72
0,68,61
0,73,65
0,68,61
0,48,54
0,36,36
0,50,57
0,30,30
0,76,50
0,59,39
0,75,67
0,75,67
0,27,33
0,27,33
0,75,67
0,65,65
0,27,29
0,55,60
0,60,49
0,60,49
1,75,54
0,60,61
0,68,70
0,68,70
0,30,30
0,73,47
0,73,47
0,42,71
0,60,76
0,60,76
0,48,48
0,39,59
0,60,50
1,56,60
1,56,60
0,74,76
0,69,65
0,74,76
0,60,54
0,39,71
0,47,51
0,29,36
1,74,60
0,73,77
0,47,50
0,64,76
0,67,64
0,60,74
0,76,65
0,60,74
0,60,77
0,60,77
1,14,14
0,14,14
0,65,72
0,65,70
0,74,54
1,56,60
0,50,77
0,60,46
0,60,46
0,56,60
0,60,56
0,60,56
0,47,64
0,35,37
0,71,71
0,67,39
0,49,68
0,35,37
0,60,51
0,60,51
0,35,37
0,60,69
0,54,54
0,60,69
0,22,21
0,59,71
0,59,71
0,61,57
0,50,61
0,62,77
0,50,61
0,62,77
0,7,6
0,7,6
0,7,6
1,54,71
1,54,71
0,48,54
0,48,54
0,75,39
0,51,77
0,58,76
0,75,49
0,62,68
0,62,68
0,50,60
0,47,73
0,45,70
0,47,73
0,60,63
0,57,77
0,68,49
0,60,63
1,39,64
0,57,70
0,65,69
0,57,70
0,41,73
0,65,39
1,55,76
0,37,37
0,76,59
1,77,69
0,41,73
0,49,60
0,46,54
0,46,54
1,77,69
1,37,36
1,37,36
0,51,61
0,77,64
0,51,61
0,54,50
0,74,75
0,71,77
0,28,27
0,71,77
0,48,54
0,60,64
1,28,30
0,39,66
0,51,51
0,76,64
0,76,64
0,67,76
0,67,76
0,45,70
0,45,70
0,72,75
0,67,67
0,50,61
0,50,61
0,54,76
0,67,62
0,60,41
0,60,41
0,76,64
1,74,48
0,75,61
0,51,63
0,51,63
0,36,35
0,36,35
0,36,35
0,51,61
0,70,74
0,42,39
0,70,74
0,62,50
0,75,61
0,60,51
0,60,51
0,60,51
0,73,76
0,60,50
0,59,69
0,50,71
0,70,76
0,50,71
0,50,71
0,70,49
0,70,49
0,9,9
0,77,61
0,9,9
0,45,64
0,77,61
0,71,73
0,50,58
0,50,58
1,16,16
1,16,16
0,60,72
0,60,72
1,11,11
1,64,46
0,64,73
0,64,65
0,64,73
1,16,16
0,59,76
0,62,73
0,41,77
0,71,60
0,60,42
0,50,60
0,71,60
0,60,42
0,49,50
0,49,50
0,60,48
0,57,39
1,35,35
0,62,65
0,62,65
0,57,73
0,48,70
0,48,70
0,60,50
0,48,49
0,77,41
0,66,76
0,61,72
1,50,50
0,48,49
0,48,49
1,76,48
0,63,41
1,60,60
1,60,60
0,71,48
0,54,73
0,48,54
0,65,58
0,65,58
0,42,64
0,42,64
0,4,8
0,54,65
0,54,72
0,71,66
0,71,66
0,62,49
0,35,34
1,62,73
0,35,34
0,35,34
1,62,73
1,75,76
0,72,66
0,65,65
0,66,57
0,65,61
0,34,35
0,34,35
0,34,35
0,60,57
0,56,76
0,56,76
0,39,59
0,41,63
0,61,51
0,61,51
0,61,50
0,72,66
0,71,62
0,71,62
0,61,50
0,76,60
0,42,71
0,77,49
0,77,49
0,60,61
0,61,62
0,60,71
0,60,71
0,39,67
0,54,60
0,54,60
0,61,66
0,61,66
1,68,63
0,68,57
0,27,27
0,39,68
0,21,21
0,68,68
0,21,21
0,68,71
0,68,71
0,38,38
0,58,65
0,58,65
0,50,49
0,62,71
0,36,36
0,63,63
0,69,39
0,69,39
1,63,63
0,39,66
1,48,67
0,60,54
1,48,67
0,61,46
0,68,55
0,36,29
0,63,57
0,16,8
0,76,54
0,55,76
0,29,27
0,76,46
0,76,46
0,76,66
0,2,16
0,66,66
0,8,16
0,2,16
0,2,16
0,74,65
0,63,49
0,63,49
0,63,49
0,6,6
0,6,6
0,46,61
0,4,5
0,50,39
1,5,6
0,77,69
0,60,63
1,75,76
1,75,76
0,76,60
0,60,39
0,54,63
0,59,76
0,50,41
0,71,60
0,62,60
0,62,60
0,60,77
0,77,71
0,45,71
0,42,42
0,11,11
1,76,76
0,66,72
0,66,72
1,73,73
0,68,61
0,67,60
0,67,60
1,10,7
0,7,7
0,68,57
0,9,8
0,75,72
0,57,77
0,55,74
1,50,50
1,48,60
0,50,50
1,77,75
0,73,76
1,77,75
0,50,50
0,72,50
0,72,74
0,72,74
0,50,71
0,50,60
0,67,60
0,50,71
0,67,60
1,70,69
0,72,74
0,50,60
0,47,42
0,72,46
0,65,64
0,65,64
0,74,70
0,42,74
0,16,10
0,71,60
0,71,60
0,76,45
0,66,45
0,68,60
0,56,54
0,45,73
0,64,48
0,50,48
0,60,50
0,50,48
0,59,74
0,46,67
0,60,61
0,60,61
1,68,61
1,68,61
1,41,60
1,41,61
1,45,73
0,61,77
0,61,77
0,45,73
1,47,74
1,47,74
0,16,9
0,16,9
0,48,60
0,48,60
0,55,65
1,61,61
1,61,61
0,55,65
1,74,74
0,50,41
0,54,74
0,71,60
0,16,9
0,71,60
1,74,74
1,55,55
1,28,35
1,55,55
0,65,57
0,21,22
0,71,59
0,71,59
1,56,56
0,41,72
0,41,72
1,51,51
1,56,56
0,42,60
1,42,42
0,42,42
0,67,76
0,77,62
1,56,56
0,58,58
0,74,60
1,72,72
0,60,46
0,76,56
0,60,46
1,27,27
1,27,27
0,71,65
0,27,27
0,46,50
0,71,65
1,72,72
1,57,57
0,58,69
1,57,57
0,61,70
0,56,74
1,74,70
1,58,58
0,61,61
1,58,58
1,74,70
0,70,70
1,72,60
0,3,2
0,61,60
0,61,60
0,73,54
1,72,60
0,70,39
0,70,39
1,50,48
1,50,48
0,70,61
0,46,65
0,46,65
1,49,71
0,54,51
0,54,51
1,72,60
0,54,51
0,54,51
1,60,60
1,60,60
0,66,39
0,59,51
0,49,60
0,39,50
0,39,50
0,61,62
0,61,62
0,74,57
0,74,57
0,65,60
0,46,70
0,46,70
0,50,59
0,39,70
0,51,61
1,63,63
1,63,63
0,51,61
0,51,61
0,7,9
0,51,71
1,47,48
1,47,60
1,36,36
0,57,39
0,49,42
0,49,42
1,60,60
0,42,60
0,3,11
0,41,60
0,63,60
0,9,16
0,9,16
0,61,60
0,61,60
0,61,60
1,74,60
1,74,60
1,50,50
1,50,50
0,9,16
0,51,39
0,65,68
0,50,60
1,64,64
0,49,49
1,64,64
0,50,60
0,64,76
0,38,36
0,72,76
0,28,29
0,71,74
0,72,76
0,71,74
1,60,42
0,41,72
0,41,72
0,39,69
0,39,69
0,50,60
0,50,60
0,45,45
0,11,14
1,76,76
1,34,34
0,54,48
1,72,73
1,39,59
1,72,72
1,37,35
1,37,35
0,57,70
1,34,35
0,73,73
0,73,73
0,73,61
0,14,5
1,51,51
1,51,51
1,59,48
0,46,46
0,74,60
0,74,60
0,57,66
0,57,66
1,77,39
1,77,39
1,72,64
1,72,64
0,73,58
1,61,61
1,50,50
1,56,59
0,69,70
0,28,27
1,60,77
1,60,77
0,12,9
0,12,9
0,41,48
0,41,48
0,60,75
0,60,75
0,65,74
0,65,74
1,71,60
0,65,69
1,71,60
0,68,64
1,61,61
0,68,64
0,62,61
0,6,7
0,6,7
0,73,77
1,63,48
0,63,60
0,69,48
1,59,72
0,76,64
0,67,46
0,58,58
0,36,38
1,57,73
0,62,47
0,69,68
0,47,72
0,69,68
0,57,65
0,39,59
0,73,73
0,69,65
0,46,71
0,39,59
0,63,72
0,77,67
0,60,42
0,77,67
0,54,61
0,77,60
0,77,60
1,66,50
0,42,60
0,72,46
1,66,66
0,49,77
0,73,60
1,41,48
0,73,60
0,41,60
0,42,60
0,61,76
1,70,50
0,74,60
1,60,60
1,60,60
0,12,6
0,12,6
1,45,56
1,45,56
0,70,70
0,60,51
1,70,50
0,45,50
0,60,51
0,67,50
0,65,65
0,6,8
0,65,69
1,75,76
0,61,42
0,61,42
0,65,70
1,36,36
0,39,48
0,39,48
0,75,74
0,60,60
0,60,60
0,77,64
0,77,39
1,75,50
0,66,72
1,47,77
1,47,77
1,58,58
1,58,58
0,75,74
0,63,60
1,57,60
1,57,60
0,60,60
1,48,48
0,54,77
1,48,48
0,39,50
0,69,39
0,60,41
1,64,60
0,60,41
1,48,48
0,39,50
0,39,50
0,63,65
0,48,60
0,45,66
0,72,39
0,65,71
0,61,60
0,61,60
0,59,39
0,59,39
0,35,35
0,39,58
0,60,42
0,60,42
0,70,46
0,64,70
0,64,70
0,49,77
0,61,73
0,54,60
0,57,66
0,74,49
0,74,49
0,60,39
0,60,61
0,60,61
0,60,46
0,60,46
0,48,71
0,64,68
0,64,68
0,39,65
0,48,71
0,60,76
1,50,48
1,50,48
0,2,3
0,54,50
1,74,60
0,74,60
0,74,60
0,58,39
1,48,50
1,48,50
0,8,7
0,60,70
0,46,60
0,46,60
0,42,56
0,66,39
0,16,16
0,70,64
0,70,64
0,70,39
0,60,71
1,73,76
0,71,76
0,56,76
0,74,60
0,74,60
0,62,39
1,67,72
0,65,77
0,59,66
0,65,74
1,60,76
0,54,54
0,66,66
0,65,76
1,60,76
0,63,48
0,63,48
1,60,76
1,60,76
0,61,60
0,61,60
0,70,57
0,39,65
1,60,76
1,70,47
1,70,47
0,60,71
0,46,66
0,60,75
0,36,38
0,60,51
0,76,61
0,60,57
0,60,57
0,60,72
0,60,72
1,61,50
0,73,72
1,50,60
1,50,60
1,48,50
0,75,75
0,42,76
0,76,50
1,61,46
0,74,42
0,50,63
1,76,76
0,54,50
0,46,42
0,46,42
0,54,50
0,72,71
0,73,72
0,73,72
0,61,66
0,73,72
0,60,50
0,60,50
0,66,73
0,66,73
0,66,73
0,16,2
0,65,55
0,60,50
0,60,50
0,48,42
0,48,74
0,39,62
0,39,62
0,8,6
0,56,63
1,75,39
0,71,66
0,65,71
0,71,66
0,72,66
0,72,66
0,72,66
0,2,16
0,60,60
0,76,62
0,60,60
0,60,41
0,61,72
0,60,41
0,61,60
0,61,60
0,73,73
0,73,73
0,73,73
0,57,65
1,66,66
0,22,21
0,41,47
0,50,70
0,74,59
0,50,70
0,60,57
0,61,60
0,60,57
0,48,70
0,74,73
0,61,60
0,71,70
0,48,63
0,72,67
0,48,63
0,5,3
0,60,61
0,3,2
0,60,61
0,60,61
0,61,73
0,76,59
0,51,51
0,48,71
0,48,71
0,48,68
0,48,68
0,49,77
0,42,54
1,60,61
0,70,67
0,59,72
0,70,67
1,76,64
1,60,61
1,60,61
0,70,39
0,2,3
0,74,66
1,76,39
0,60,77
0,2,14
1,76,39
0,3,3
0,72,76
0,72,76
0,51,61
1,76,39
0,3,3
1,35,35
0,73,73
0,73,73
1,35,35
1,73,60
1,73,60
1,73,60
0,76,54
0,42,73
0,54,50
0,66,64
0,14,5
0,72,60
0,72,60
0,64,64
0,64,64
0,66,67
0,64,57
0,64,57
0,41,48
0,41,48
0,58,59
0,5,3
0,62,61
0,76,57
0,60,60
0,60,60
0,64,77
0,67,76
1,77,77
1,77,77
0,65,50
0,50,70
0,67,39
0,64,65
0,67,39
0,42,47
0,70,73
0,39,57
0,60,72
0,60,72
0,51,61
0,51,61
0,50,61
0,50,61
0,39,54
0,70,50
0,60,41
0,27,27
0,66,70
1,76,73
0,76,73
1,27,35
0,77,49
0,77,49
0,39,60
0,77,61
0,60,74
0,60,74
0,60,74
0,61,74
0,39,60
0,76,73
0,5,2
0,50,70
0,39,59
0,70,76
0,60,49
0,63,49
0,69,39
0,73,74
0,70,50
0,77,49
0,74,76
0,74,76
0,74,76
0,50,60
0,76,42
0,60,45
0,50,39
0,45,66
0,49,68
0,49,68
1,63,70
0,66,61
0,73,70
0,14,9
0,14,9
0,62,64
0,9,14
0,9,14
0,47,64
0,76,66
0,39,77
0,77,54
0,68,49
0,68,49
0,47,46
0,63,65
0,63,65
1,58,66
0,16,6
0,16,6
0,41,71
0,66,77
0,66,77
0,66,77
0,65,70
0,65,70
0,64,47
0,30,30
0,70,71
0,77,51
0,77,51
0,77,51
0,70,64
0,70,64
0,29,27
0,77,75
0,51,48
0,51,48
0,6,16
0,48,73
0,48,73
0,48,56
0,60,39
0,60,39
0,38,38
0,16,16
0,71,42
0,71,60
0,71,60
0,63,77
0,64,57
0,42,70
0,64,76
0,75,76
0,59,76
0,55,61
0,41,76
0,72,70
0,65,56
0,74,70
0,68,45
0,50,66
1,39,39
0,74,60
0,70,72
0,72,70
0,57,64
0,70,49
0,72,69
0,70,51
0,73,75
0,67,71
0,67,71
0,66,77
0,55,42
0,6,2
0,55,67
0,51,69
1,35,36
0,72,58
0,54,45
0,73,70
0,62,70
0,56,77
0,68,57
0,55,39
1,66,65
0,59,60
0,65,66
0,49,77
0,28,27
0,66,61
0,65,69
0,70,47
0,70,50
0,55,57
0,76,65
0,70,77
0,73,49
0,65,70
0,70,42
0,50,65
0,77,62
0,50,64
0,77,60
0,8,11
0,73,41
0,77,60
0,2,13
0,64,69
0,50,60
0,77,64
0,76,45
0,71,76
0,50,77
0,50,42
0,70,54
0,69,67
0,61,77
0,75,51
0,61,75
0,71,63
0,2,11
0,55,77
1,59,60
0,63,41
0,70,61
0,47,62
0,73,64
0,70,55
0,66,63
0,69,77
0,54,75
0,46,67
1,61,74
0,70,50
0,70,65
0,70,47
0,69,66
0,58,69
0,42,48
0,55,61
0,58,58
0,70,56
0,64,69
0,49,62
0,73,75
0,68,73
0,61,60
0,54,65
0,73,49
0,57,70
0,64,77
0,65,39
0,61,50
0,55,57
0,70,51
0,55,56
0,77,64
0,54,50
0,77,66
0,70,74
0,74,61
0,74,61
0,42,51
0,55,62
0,71,69
0,69,57
0,72,64
0,41,63
0,8,12
0,61,55
0,28,27
0,73,68
0,69,57
0,64,48
0,50,48
0,69,65
0,69,39
0,2,5
0,58,70
0,77,64
0,45,42
0,62,71
0,46,64
0,73,77
0,75,67
0,69,77
0,55,39
0,42,45
0,72,65
0,63,64
0,69,51
0,22,24
1,41,60
1,41,60
0,55,62
0,69,39
0,42,45
0,72,66
0,71,65
0,70,49
0,69,64
0,57,49
0,69,41
0,39,70
0,61,60
0,56,49
0,37,35
1,76,76
1,76,76
0,74,49
0,68,62
0,66,72
0,39,70
0,73,74
0,66,63
0,60,41
0,77,64
0,39,58
0,28,27
0,71,63
0,60,60
0,60,60
0,55,57
0,76,60
0,46,64
0,39,60
0,70,65
0,56,61
0,2,5
0,77,64
0,39,62
0,70,59
0,70,62
0,77,55
0,50,60
0,57,41
0,60,49
0,71,74
0,71,74
1,47,50
1,47,50
0,51,74
1,47,50
1,47,50
0,10,7
1,47,50
0,60,60
0,64,48
0,12,6
0,56,62
0,70,62
1,60,60
1,68,50
1,68,50
0,60,76
0,28,29
0,6,13
0,60,39
0,60,39
0,72,73
0,72,73
0,60,42
0,61,48
0,69,65
1,39,60
0,63,70
1,39,60
0,76,74
0,72,61
1,39,60
0,39,75
0,77,64
1,60,50
1,60,50
0,72,45
0,41,68
0,41,68
0,71,74
0,16,7
0,60,41
0,60,41
0,71,74
0,73,72
0,49,69
0,75,42
0,47,67
0,6,8
0,50,60
0,50,60
0,66,67
0,45,42
0,63,61
1,69,49
0,56,41
0,65,67
0,74,60
0,74,60
0,76,75
0,49,72
1,60,39
1,60,39
1,60,39
0,39,65
0,10,8
0,56,54
0,56,54
0,70,65
1,69,70
0,47,60
1,66,54
0,47,60
1,55,55
0,45,77
0,61,71
0,62,56
1,61,61
1,61,61
0,66,77
0,55,76
0,55,76
0,67,47
0,39,77
0,57,65
1,37,34
0,46,48
0,46,48
0,42,45
0,48,48
0,41,57
0,41,68
1,67,58
0,47,65
0,50,50
0,54,77
0,77,60
0,13,13
0,54,77
0,50,39
0,75,76
0,38,29
1,60,60
1,60,60
0,74,70
0,55,48
0,35,38
0,55,48
0,58,47
0,47,67
0,60,75
0,71,61
0,58,66
1,33,33
1,33,33
0,8,11
0,76,59
1,33,33
0,51,60
0,51,60
0,68,56
1,33,33
0,76,58
0,76,58
0,73,55
0,60,68
0,75,50
0,67,50
0,66,67
0,61,63
0,39,50
0,48,71
0,48,71
0,70,55
0,50,69
0,77,63
0,77,63
0,50,69
0,42,61
0,59,56
0,42,61
1,60,60
0,69,65
1,60,60
0,76,56
0,58,66
0,58,66
0,50,60
0,49,56
0,50,62
0,65,70
0,65,70
0,60,77
0,51,46
0,51,46
0,56,76
0,77,45
0,42,60
0,61,42
0,61,42
0,36,35
0,77,62
0,51,68
0,49,75
0,76,75
0,50,67
1,50,60
0,48,65
0,57,50
1,73,60
0,57,50
1,73,60
0,47,41
0,51,75
1,50,60
0,60,47
0,67,65
0,41,50
0,6,6
0,41,60
0,45,55
0,57,67
0,50,41
0,66,76
0,62,77
0,66,76
0,60,50
0,48,72
0,60,50
1,50,61
1,50,61
0,60,70
0,66,72
1,50,61
0,68,60
1,77,63
0,60,42
1,77,63
1,50,61
0,67,67
0,50,61
0,50,61
1,48,68
1,48,68
0,62,77
0,76,60
0,58,67
1,48,48
0,42,55
0,42,55
0,42,39
0,67,72
0,69,57
0,58,56
0,69,47
0,35,37
0,49,47
0,41,45
0,70,45
0,50,41
0,64,71
0,62,49
0,70,66
0,46,51
0,46,51
0,45,41
0,47,61
0,57,70
0,72,60
0,61,55
0,65,72
0,76,48
0,49,48
0,46,69
1,45,48
0,45,60
0,69,50
0,65,67
0,68,76
0,77,50
0,45,62
0,47,49
0,42,42
0,75,50
0,72,65
0,65,65
0,71,62
0,62,50
0,47,69
0,45,54
1,35,35
1,35,35
0,65,61
0,45,72
0,50,54
0,75,48
0,50,74
0,62,51
0,69,67
0,48,56
0,54,50
0,65,50
0,74,70
0,57,70
0,28,29
0,67,76
0,74,74
0,59,70
0,76,60
0,76,60
0,5,2
0,61,65
0,13,2
0,56,70
0,58,39
0,27,27
0,64,69
0,74,69
0,55,45
0,50,72
0,76,77
0,65,47
0,70,51
0,72,74
0,75,57
0,50,62
0,49,74
0,60,50
0,70,65
0,76,50
0,27,27
0,51,69
0,65,70
0,66,65
0,9,7
0,39,63
0,77,67
0,49,64
0,51,42
0,65,72
0,45,70
0,45,63
0,69,76
0,51,74
0,66,77
0,28,27
0,41,70
0,51,70
0,45,42
0,47,70
0,50,60
0,68,50
0,42,73
0,57,56
0,66,70
0,62,69
0,74,61
0,45,70
0,50,70
0,59,61
0,7,16
0,8,7
0,42,74
0,49,70
0,64,77
0,67,65
0,61,74
0,48,54
0,48,50
0,63,71
0,62,49
0,64,70
0,55,70
1,51,66
1,51,66
0,54,70
0,7,8
0,7,8
0,62,77
0,75,76
0,75,73
0,59,67
0,74,70
0,9,2
1,59,55
0,60,74
0,75,61
0,73,58
0,62,77
1,64,51
0,64,77
1,12,12
0,12,2
0,60,73
0,70,77
0,64,77
1,12,12
0,63,61
0,74,70
0,56,70
0,48,75
0,48,75
0,67,55
0,51,70
0,48,74
0,77,70
1,12,12
0,49,62
0,60,56
0,2,8
0,65,70
0,47,67
0,65,72
0,65,70
0,39,69
0,2,7
0,67,65
0,42,50
0,70,60
0,64,50
0,47,70
0,70,74
0,55,75
0,27,33
0,73,55
0,77,62
0,74,69
0,51,69
0,75,71
0,75,71
0,7,11
0,55,69
0,63,69
0,47,70
0,66,72
0,39,65
0,77,69
1,62,77
0,74,72
0,64,63
0,76,72
1,75,71
0,61,50
0,48,64
1,75,71
0,74,71
0,77,55
0,57,69
0,42,64
0,62,77
0,28,33
0,67,39
0,66,59
0,72,66
0,49,56
0,64,76
0,76,45
0,4,2
0,77,51
0,76,77
0,65,55
0,65,54
0,49,70
0,49,47
0,67,64
0,70,50
0,60,60
0,72,76
0,65,61
0,64,77
0,62,77
0,72,58
0,74,76
0,65,47
0,50,54
0,76,49
0,64,61
0,60,63
0,56,49
0,42,74
0,63,39
0,5,3
0,56,51
0,74,60
0,70,42
0,51,68
0,77,49
0,42,42
0,77,70
0,65,62
0,60,46
0,9,13
0,9,13
0,49,73
0,2,7
0,49,74
0,49,74
0,65,57
0,70,63
0,70,72
0,69,74
0,67,39
0,47,73
0,60,49
0,28,30
0,61,77
0,62,77
0,69,51
0,77,45
1,60,61
0,60,70
0,51,76
0,46,39
0,65,39
1,76,76
1,74,71
0,74,71
0,77,62
0,55,69
0,55,66
1,50,70
0,70,71
0,70,54
0,62,70
0,60,75
0,41,61
0,49,50
0,49,50
0,60,42
0,63,66
0,74,54
0,76,58
0,16,11
0,61,74
0,77,49
0,60,74
0,11,16
0,61,50
0,39,76
0,69,65
0,60,74
0,70,65
0,59,66
0,41,56
0,65,54
0,47,57
0,77,60
0,12,13
0,62,73
0,47,71
0,74,59
0,63,57
0,74,70
0,74,70
0,67,47
0,29,38
1,11,5
0,11,16
0,70,46
0,71,55
0,71,55
0,76,60
0,42,59
0,42,76
0,65,72
0,65,72
0,2,8
0,70,60
0,70,46
0,39,67
0,50,59
0,49,68
0,76,62
0,51,49
0,51,49
0,70,64
0,51,51
0,76,73
0,76,70
0,57,49
0,50,60
0,67,66
0,13,9
0,13,9
0,77,73
0,76,73
0,64,72
0,65,69
0,70,64
0,13,8
0,70,72
0,70,54
0,69,72
0,64,77
0,55,49
0,62,70
0,8,2
0,77,49
1,60,71
0,67,72
0,16,6
0,73,72
0,6,16
0,61,77
0,8,2
0,61,64
0,61,62
0,61,62
0,61,62
0,39,56
0,64,46
0,59,42
0,70,49
1,5,11
0,65,70
0,2,10
0,56,71
0,71,39
0,62,77
0,63,77
0,49,57
0,47,45
0,61,47
0,71,70
0,55,75
0,60,61
0,73,70
0,55,61
0,42,70
0,64,76
0,58,76
0,73,70
0,65,56
0,61,55
0,71,70
0,39,57
0,73,75
0,59,72
1,74,74
0,62,65
0,49,61
0,71,70
0,75,66
0,63,74
0,55,56
0,74,70
0,56,57
0,58,39
0,73,50
0,76,65
0,72,70
0,13,2
0,39,45
0,60,77
0,70,51
0,70,76
0,22,26
0,7,9
0,72,66
0,22,23
0,55,60
0,57,49
0,50,56
0,49,69
0,55,76
0,72,67
0,61,77
0,51,69
0,6,2
0,59,60
0,72,66
0,73,60
0,54,70
0,60,56
0,50,60
0,7,2
0,50,45
0,54,70
0,55,65
0,50,60
0,57,56
0,70,50
0,34,38
0,70,66
0,2,4
0,60,50
0,2,6
0,67,39
0,70,51
0,73,49
0,63,60
0,70,59
0,70,77
0,54,74
0,59,66
0,28,27
0,65,70
0,39,69
0,39,69
0,65,70
0,70,42
0,50,42
0,67,55
0,73,41
0,70,75
0,70,74
0,77,64
0,8,11
0,50,65
0,64,77
0,74,64
0,50,60
0,68,51
0,70,55
0,2,13
0,2,6
0,63,71
0,57,66
0,76,67
0,56,48
0,22,26
0,62,51
0,62,47
0,50,77
0,66,63
0,62,41
0,73,51
0,50,68
0,76,45
0,73,64
0,50,68
0,70,50
0,45,55
0,49,62
0,66,75
0,77,62
0,68,57
0,73,51
0,74,68
0,42,60
1,35,35
0,22,24
0,55,63
0,74,49
0,61,74
0,77,60
0,56,55
0,39,67
0,55,57
0,55,73
0,55,60
0,66,45
0,54,65
0,55,60
0,41,65
0,49,75
0,28,27
0,47,62
0,70,74
0,70,54
0,39,70
0,70,49
0,54,50
0,37,38
0,63,56
0,70,47
0,70,57
0,71,63
0,41,63
0,69,77
0,28,27
0,77,60
0,63,70
0,70,65
0,41,63
0,60,61
0,16,7
0,71,63
0,55,39
0,65,39
0,34,36
0,62,74
0,34,38
0,77,64
0,70,70
0,65,47
0,67,75
0,66,77
0,64,48
0,74,61
0,64,48
0,55,67
0,56,63
0,56,65
0,66,58
0,72,65
0,64,72
0,54,49
0,74,48
0,70,65
0,69,57
0,70,39
0,72,67
0,70,56
0,69,57
0,74,61
0,70,55
0,70,65
0,64,65
0,2,6
0,50,75
0,74,60
0,63,50
0,2,4
0,63,50
0,2,5
0,16,2
0,60,45
0,56,48
0,56,39
0,75,67
0,71,63
0,69,62
0,69,41
0,50,39
0,69,57
0,73,65
0,75,69
0,70,49
0,73,76
0,38,29
0,77,64
0,67,65
0,2,12
0,2,12
0,54,60
0,54,60
0,69,50
1,69,67
0,72,64
0,66,72
0,74,61
0,75,73
0,56,64
0,77,64
0,66,63
0,28,27
0,67,65
0,73,74
0,76,56
0,39,41
1,51,48
0,64,65
0,37,35
0,45,64
0,60,41
0,74,49
0,76,62
0,72,65
0,73,67
0,74,49
0,56,70
0,66,72
0,39,60
0,69,65
0,69,77
0,69,57
0,67,68
0,77,64
0,59,66
1,77,77
0,72,64
0,75,67
0,70,62
0,39,74
1,39,74
0,76,64
0,39,58
0,54,49
0,39,58
0,60,55
0,66,61
0,61,75
0,65,48
0,72,61
0,48,51
0,72,59
0,58,59
0,73,67
0,48,48
1,59,72
0,74,63
0,54,50
0,42,56
0,58,48
0,60,63
0,60,63
0,69,65
0,45,60
0,76,60
0,66,69
0,39,45
1,76,76
0,74,64
0,5,6
0,49,69
0,72,66
0,55,56
0,62,50
0,70,51
0,55,41
0,66,76
0,41,60
0,48,76
1,60,73
0,64,77
0,72,66
0,50,60
0,50,60
0,54,63
1,60,73
0,10,8
1,60,73
0,60,54
0,60,54
0,13,9
0,76,50
0,42,45
0,77,74
0,55,50
0,62,60
0,62,60
0,64,77
0,65,67
0,66,49
0,77,60
0,60,42
0,63,74
0,42,60
0,47,47
0,47,39
0,45,57
0,39,66
0,58,77
0,4,12
1,71,60
0,77,63
0,75,39
0,50,47
0,47,45
0,72,39
0,63,39
0,62,70
0,63,39
0,6,5
0,60,75
0,65,61
0,62,65
0,63,77
0,39,47
0,47,70
0,10,7
0,66,55
0,60,50
0,57,39
0,58,66
0,77,64
0,64,50
0,58,76
0,58,76
0,61,73
0,58,76
0,58,76
0,70,64
0,70,62
0,66,77
0,75,48
0,47,45
0,51,60
1,42,67
0,74,77
0,48,50
0,8,11
0,71,63
0,60,77
0,48,58
0,7,11
0,49,50
0,41,60
0,60,73
0,42,62
0,50,41
0,69,75
0,42,60
0,45,50
0,61,62
0,51,60
0,41,60
0,48,75
0,56,50
0,3,4
0,74,54
0,57,68
0,65,62
0,60,41
0,76,75
0,74,54
0,9,13
0,2,6
0,67,67
0,67,76
0,39,63
0,39,47
0,45,47
0,41,48
0,62,60
0,50,64
0,39,63
0,73,60
0,73,60
0,54,50
0,57,60
0,50,60
0,54,50
0,75,69
0,62,75
0,62,55
0,46,50
0,77,60
0,66,66
0,54,50
0,60,47
0,58,39
0,74,49
0,2,12
0,56,77
0,54,49
0,61,65
0,76,49
0,54,50
1,48,59
0,50,46
0,60,55
0,49,64
0,50,75
0,60,61
0,49,64
0,45,50
0,76,69
0,69,50
0,60,50
0,75,54
0,75,54
0,6,2
0,41,60
1,50,50
1,50,50
0,45,49
0,76,42
0,4,12
0,75,62
0,60,68
0,55,62
0,50,77
0,72,59
1,60,41
0,50,60
0,42,74
0,77,66
0,54,69
0,54,69
0,69,76
0,63,60
0,14,10
0,45,76
0,72,70
0,62,47
0,60,50
0,62,62
0,60,50
0,48,73
0,66,76
0,60,41
0,12,4
0,51,70
0,51,70
0,65,70
0,64,74
0,77,47
1,59,69
0,73,60
0,70,64
0,45,46
0,74,51
0,47,61
0,60,62
0,60,62
0,75,39
0,48,56
0,69,75
0,69,75
1,11,7
1,76,50
0,70,65
0,70,65
0,70,65
0,60,51
0,70,65
0,41,77
0,61,55
0,74,63
0,64,71
0,5,7
0,77,50
0,60,71
0,49,45
0,73,73
1,68,48
1,68,48
0,76,49
1,50,50
0,60,45
0,60,74
0,72,39
0,51,69
0,60,57
0,60,62
0,75,39
0,51,74
0,50,45
0,49,60
0,51,70
0,64,77
0,73,48
0,6,3
0,41,55
0,69,72
0,75,69
0,48,73
0,7,5
0,65,65
0,65,65
0,66,39
0,60,70
0,11,11
0,16,13
0,57,70
0,64,70
0,48,56
0,51,70
0,47,74
1,50,50
1,50,50
0,33,33
1,50,50
0,45,50
0,54,65
0,59,70
0,50,54
0,56,65
0,50,48
0,72,57
0,70,73
0,65,50
0,65,50
0,41,71
0,75,50
0,48,64
0,48,64
0,39,58
0,60,60
0,60,60
0,60,60
0,60,60
0,69,49
0,39,66
0,42,60
0,75,42
0,55,70
0,65,67
0,60,57
0,45,49
0,49,70
0,45,66
0,65,50
0,65,55
0,60,77
0,62,77
0,42,60
0,69,39
0,74,39
0,77,64
0,74,61
0,66,72
0,75,70
0,42,60
0,51,70
0,60,61
0,60,61
0,60,61
0,60,61
0,71,41
0,73,55
0,28,27
0,50,41
0,45,42
0,58,62
0,51,73
0,75,70
0,4,2
0,64,61
0,66,70
0,68,56
0,49,64
0,50,70
0,51,63
0,66,72
0,77,50
0,49,73
0,63,71
0,49,69
0,74,73
0,77,64
0,10,8
0,13,2
0,9,4
0,68,50
0,46,50
0,45,72
0,48,61
0,55,70
1,7,16
0,48,61
0,56,61
0,65,77
0,60,74
0,60,77
0,49,70
0,67,63
0,39,73
0,76,77
0,49,45
0,48,39
0,67,72
0,49,67
0,48,39
0,41,55
0,64,50
0,49,63
0,45,73
0,10,16
0,70,68
0,39,70
0,41,70
0,6,2
0,77,76
0,6,2
0,57,59
0,73,42
0,42,67
0,62,49
0,62,77
0,70,75
0,55,67
0,55,67
0,10,7
0,42,67
0,71,71
0,47,42
0,42,47
0,56,70
0,5,2
1,71,65
0,55,58
0,38,34
0,42,55
0,4,2
1,71,65
0,77,77
0,74,70
0,67,39
0,77,70
0,54,60
0,64,77
0,26,22
0,64,50
0,49,49
0,63,66
0,49,73
0,77,74
0,41,65
0,65,70
0,70,42
0,26,22
0,68,74
0,47,70
0,55,61
0,65,70
0,63,39
0,64,60
0,70,66
0,70,66
0,70,66
0,70,66
0,67,72
0,61,74
0,50,69
0,70,74
1,11,11
0,70,60
0,35,36
0,65,56
0,70,51
0,67,39
0,41,71
0,41,71
0,50,61
0,63,77
0,57,55
0,73,55
0,46,64
1,34,35
0,42,47
0,67,47
0,63,70
0,47,66
0,62,51
0,41,76
0,39,58
0,70,71
0,45,42
0,58,66
0,50,60
0,77,42
0,64,64
0,65,72
0,64,64
0,12,2
0,64,46
0,39,50
0,50,60
0,72,66
0,77,51
0,60,74
0,4,2
0,67,39
1,16,16
0,54,50
0,41,46
0,76,77
0,77,66
0,55,61
0,64,39
0,73,73
0,50,64
0,67,69
0,56,72
0,60,56
0,57,70
0,39,65
0,65,70
0,49,60
0,2,16
0,70,54
0,70,39
0,70,72
1,73,65
0,74,54
0,70,49
0,67,70
0,69,57
0,67,70
0,42,45
0,67,70
0,55,45
0,39,65
0,50,54
0,55,69
1,48,65
0,50,70
0,70,50
0,47,70
0,56,70
0,57,55
0,50,61
0,2,7
0,48,65
0,49,69
0,69,66
0,62,74
0,57,64
0,74,60
0,42,56
1,16,16
0,42,59
0,76,62
0,60,74
0,63,76
1,72,72
0,65,54
0,67,73
0,69,65
0,64,66
0,63,69
0,4,2
0,47,65
0,61,56
0,70,72
0,51,68
0,70,65
0,46,55
0,63,66
0,64,72
0,77,69
0,75,51
0,58,39
0,60,50
0,50,77
0,50,77
0,61,74
0,2,2
0,71,69
0,7,10
0,64,57
0,64,57
0,2,2
0,61,77
0,67,39
0,70,61
0,70,46
0,70,65
0,69,39
0,70,63
0,77,49
0,69,39
0,68,68
0,68,70
0,48,60
0,74,73
0,61,77
0,35,37
0,21,22
0,60,42
0,60,42
0,60,42
0,76,41
0,74,51
0,51,51
0,70,54
0,65,71
0,47,57
0,77,60
0,65,71
0,50,60
0,65,70
0,56,60
0,55,46
0,49,54
0,7,16
0,47,66
0,66,72
0,75,77
0,65,54
0,62,70
0,64,49
0,57,55
0,47,46
0,50,54
0,50,70
0,61,65
0,57,49
0,76,71
0,51,63
0,65,67
0,69,57
0,2,9
0,70,64
0,41,60
0,76,70
0,75,41
0,60,54
0,75,61
0,45,59
0,54,60
0,54,60
0,65,65
0,69,58
0,69,58
0,60,71
0,61,72
0,27,27
0,70,46
0,27,27
0,65,64
0,67,39
0,22,21
0,16,16
0,66,66
0,59,42
0,2,10
0,73,73
1,14,14
0,68,41
0,42,42
1,11,16
1,11,16
0,66,71
0,62,77
0,63,77
0,77,42
0,50,50
0,62,45
0,56,45
0,56,57
0,66,77
0,77,76
0,51,45
0,73,70
0,42,70
0,55,61
0,60,70
0,73,55
0,65,56
0,71,70
0,61,55
0,63,74
0,67,74
0,50,66
0,70,51
0,70,50
0,57,50
0,69,63
1,50,47
0,72,70
0,33,29
0,73,75
0,74,60
0,7,9
0,60,49
0,70,76
0,61,49
0,49,69
0,72,66
0,62,70
0,50,77
0,49,48
0,72,66
0,65,41
0,73,49
0,61,55
0,50,55
0,7,2
0,70,50
0,63,60
0,70,50
0,42,60
0,70,59
0,70,77
0,70,66
0,70,68
0,55,46
0,60,74
0,42,60
0,70,65
0,60,46
0,70,49
0,59,66
0,73,75
0,74,60
0,50,65
0,65,70
0,73,41
0,73,71
0,70,68
0,74,61
0,77,64
0,66,72
0,50,60
0,50,60
0,8,11
0,73,51
0,73,75
0,56,48
0,47,45
0,71,67
0,60,61
0,75,68
0,58,49
0,60,74
0,66,76
0,50,68
0,55,62
0,22,26
0,50,57
0,2,2
0,64,77
0,61,64
0,51,65
0,58,70
0,64,77
0,70,65
0,39,70
0,49,62
0,2,13
0,62,41
0,55,65
0,55,69
0,69,77
0,45,55
0,30,27
0,54,74
0,77,60
0,66,41
0,71,65
0,46,67
0,57,63
0,72,65
0,77,64
0,75,73
0,62,77
0,54,69
0,73,51
0,74,49
0,77,61
0,8,12
0,75,57
0,72,70
0,70,55
0,70,74
0,2,6
0,2,6
0,74,61
0,39,70
1,69,39
0,71,63
0,54,70
0,41,63
0,70,57
0,69,57
0,70,65
0,66,77
0,55,67
0,75,67
0,73,51
0,42,45
0,70,49
0,68,77
0,54,50
0,62,61
0,50,60
0,55,63
0,50,45
0,72,67
0,70,76
0,41,63
0,76,64
0,50,48
0,69,66
0,16,7
0,70,51
0,70,74
0,59,75
0,55,48
0,74,61
0,61,63
0,42,77
0,56,64
0,77,64
0,72,65
0,67,65
0,77,64
0,61,77
0,66,49
1,60,57
1,60,57
0,54,75
0,73,74
0,76,64
0,50,41
0,70,50
0,69,57
0,77,64
0,39,69
0,71,63
0,60,70
0,22,24
0,66,72
0,63,70
0,55,67
0,77,62
0,73,41
0,71,69
0,72,64
0,55,62
0,70,65
0,67,62
0,73,74
0,67,64
0,70,67
0,77,64
0,69,65
0,28,27
0,66,67
0,61,55
0,70,49
0,37,35
0,66,76
0,69,49
0,59,74
0,60,55
0,70,65
1,47,47
0,76,62
0,69,65
0,72,67
0,71,67
0,74,49
0,39,69
0,2,5
0,76,71
0,76,62
0,68,47
0,66,64
0,69,65
0,56,70
0,75,76
0,75,77
0,62,76
0,69,77
1,34,34
0,76,64
0,76,64
0,75,66
0,28,33
0,71,60
0,71,60
0,46,70
0,77,64
0,71,65
1,74,74
0,50,60
0,69,41
0,62,73
0,50,58
0,77,66
0,73,67
0,55,61
0,47,70
0,70,64
0,65,39
0,37,36
0,69,65
0,37,36
1,72,76
0,10,12
1,72,76
0,73,67
0,22,26
0,67,39
0,49,65
0,70,62
0,65,68
0,11,10
0,65,65
1,67,73
0,72,65
0,28,27
1,4,11
0,67,63
0,64,76
0,65,50
0,75,48
0,75,48
0,45,64
0,45,72
0,77,75
0,68,47
0,75,42
0,73,67
0,65,76
0,68,60
0,50,60
0,56,75
0,58,50
0,70,61
0,5,3
0,62,77
0,47,67
0,41,50
0,64,56
0,68,64
0,49,61
0,47,47
0,10,8
0,68,51
0,50,41
1,69,35
1,69,35
0,73,60
0,70,65
0,66,77
0,66,77
0,77,74
0,39,46
1,41,50
0,58,64
0,56,60
0,23,23
0,6,13
0,6,13
0,72,77
0,76,65
0,67,70
0,51,64
0,12,10
1,50,60
1,50,60
0,71,76
0,66,64
0,64,61
0,12,5
0,72,70
0,66,56
0,60,60
0,71,59
0,7,12
0,62,69
0,10,7
0,61,50
1,11,11
0,56,54
0,77,61
0,77,61
0,50,39
0,73,50
0,41,61
0,56,55
0,50,65
0,62,63
0,7,8
0,56,64
0,61,76
0,75,76
0,2,6
0,10,12
0,71,60
0,8,11
0,56,49
0,10,8
1,55,55
0,13,4
0,13,4
0,39,72
0,76,59
0,47,64
0,59,61
0,65,58
0,60,74
0,59,61
0,64,47
0,64,56
0,65,67
0,64,62
0,77,61
0,63,75
0,65,55
0,50,50
0,60,50
0,77,68
0,62,61
0,73,62
0,68,65
0,65,70
0,74,75
0,57,45
0,77,61
0,55,66
0,64,51
0,12,13
0,63,60
0,72,58
0,56,61
0,72,65
0,41,60
0,6,2
0,65,70
1,55,55
0,60,61
0,75,39
0,68,77
0,45,45
0,56,72
0,59,60
0,13,12
1,60,60
0,3,10
0,72,48
0,61,75
0,50,58
0,62,61
0,70,47
0,56,58
0,62,64
0,12,7
0,68,68
0,66,51
1,39,71
0,75,64
1,39,71
0,60,46
0,51,70
0,70,75
0,50,50
0,58,56
0,67,76
0,51,51
0,42,56
0,75,67
0,45,45
0,75,68
1,50,50
1,50,50
0,45,60
0,45,48
0,74,42
0,74,42
1,3,3
0,64,67
0,62,71
0,73,45
0,47,46
0,74,49
0,39,66
0,42,42
0,42,42
0,65,70
0,62,62
0,55,54
0,66,58
0,61,47
0,62,39
0,61,59
0,42,48
0,61,55
0,61,59
0,10,10
1,67,74
0,62,76
1,68,68
0,69,65
0,42,77
1,42,60
0,36,37
0,36,37
0,67,72
0,39,72
0,47,61
0,13,11
1,42,42
0,68,42
0,76,67
0,54,55
1,64,75
0,77,68
0,72,76
1,50,71
0,45,68
0,58,77
1,50,50
0,41,57
0,51,66
1,60,60
0,46,62
0,50,71
0,63,56
0,64,47
0,39,59
0,51,74
0,69,65
0,61,77
0,56,63
0,64,77
0,11,12
0,76,62
0,50,70
0,58,47
1,60,60
0,48,50
0,48,50
0,72,66
0,57,41
0,57,71
0,56,49
0,61,62
0,70,41
0,45,54
0,74,72
0,73,54
0,67,76
0,66,75
0,47,50
0,60,60
0,54,64
0,60,42
0,77,76
0,71,64
0,41,60
0,49,70
0,77,42
0,7,10
0,69,69
0,60,63
0,64,70
0,69,39
0,69,39
1,60,60
0,65,39
0,60,76
0,77,64
0,63,50
0,56,72
0,62,65
1,69,69
0,47,50
0,48,56
0,42,60
0,47,63
0,64,39
0,72,74
0,61,50
0,66,70
0,74,54
0,62,77
0,61,46
0,58,66
0,65,72
0,41,65
0,50,74
0,50,74
0,61,46
1,54,54
0,61,74
0,73,60
0,65,48
0,60,77
0,76,50
0,66,72
0,69,61
0,65,72
0,50,60
0,50,60
0,60,76
0,74,47
0,39,59
0,50,70
0,71,63
0,45,42
0,6,2
0,68,70
1,76,76
0,39,74
0,60,76
0,57,70
0,74,63
0,58,39
0,74,70
0,60,55
0,65,39
0,68,50
0,75,76
0,51,70
0,11,2
0,68,50
0,65,70
0,55,70
0,64,50
0,74,70
0,64,50
0,49,70
0,51,42
0,10,8
0,56,70
0,5,2
0,64,50
0,64,77
0,64,66
0,70,68
0,74,69
0,74,73
0,42,70
0,76,55
0,60,74
0,26,22
0,56,70
0,39,70
0,67,71
1,62,62
0,9,4
0,66,70
0,55,49
0,67,70
0,41,73
0,26,22
0,57,70
0,61,74
0,54,41
0,75,46
0,39,50
0,72,66
0,66,72
0,72,55
0,77,42
0,62,45
0,72,58
0,41,57
0,66,77
0,50,47
0,70,71
0,77,72
0,54,39
0,70,57
0,70,42
0,66,39
0,75,55
0,60,47
0,65,72
0,13,2
0,64,76
0,66,72
0,73,62
0,41,76
0,48,49
0,51,73
0,49,67
0,55,47
0,70,74
0,55,47
0,64,55
0,76,50
0,61,77
0,65,70
0,54,65
0,41,76
0,41,73
0,61,61
0,56,47
0,47,50
0,41,58
0,74,54
0,70,50
0,50,65
0,74,69
0,62,55
0,2,11
0,57,58
0,70,62
0,29,33
0,65,59
1,66,46
1,66,46
0,61,65
0,73,55
1,60,50
0,62,77
1,60,50
0,77,55
0,59,70
0,60,71
0,74,72
0,75,54
0,74,64
0,56,49
0,55,45
0,60,71
0,56,66
0,55,70
0,41,62
0,70,49
0,2,9
0,65,76
0,65,65
0,65,55
