20160429,023,81427
20160429,022,59758
20160429,021,59694
20160429,020,43731
20160429,019,37998
20160429,018,52499
20160429,017,41629
20160429,016,44583
20160429,015,48277
20160429,014,30557
20160429,013,79903
20160429,012,60375
20160429,011,24217
20160429,010,62234
20160429,009,26899
20160429,008,96126
20160429,007,64151
20160429,006,36086
20160429,005,06900
20160429,004,55964
20160429,003,97072
20160429,002,48141
20160429,001,16150
20160428,120,84740
20160428,119,95910
20160428,118,39420
20160428,117,80752
20160428,116,18548
20160428,115,08709
20160428,114,05540
20160428,113,34779
20160428,112,73349
20160428,111,75397
20160428,110,27704
20160428,109,77978
20160428,108,28140
20160428,107,46859
20160428,106,71191
20160428,105,38574
20160428,104,05298
20160428,103,29063
20160428,102,44690
20160428,101,21036
20160428,100,28824
20160428,099,69670
20160428,098,49352
20160428,097,67354
20160428,096,58087
20160428,095,05942
20160428,094,79670
20160428,093,37428
20160428,092,61536
20160428,091,81564
20160428,090,32837
20160428,089,18023
20160428,088,08839
20160428,087,61027
20160428,086,88055
20160428,085,75048
20160428,084,34627
20160428,083,77662
20160428,082,94628
20160428,081,54537
20160428,080,24981
20160428,079,23074
20160428,078,93208
20160428,077,65910
20160428,076,23343
20160428,075,88385
20160428,074,59152
20160428,073,02960
20160428,072,13666
20160428,071,20431
20160428,070,05364
20160428,069,75086
20160428,068,45783
20160428,067,42090
20160428,066,59096
20160428,065,72697
20160428,064,77887
20160428,063,41033
20160428,062,33904
20160428,061,84454
20160428,060,36084
20160428,059,88826
20160428,058,77377
20160428,057,63966
20160428,056,18596
20160428,055,92620
20160428,054,09824
20160428,053,60920
20160428,052,52376
20160428,051,06915
20160428,050,40454
20160428,049,55020
20160428,048,90040
20160428,047,96336
20160428,046,15885
20160428,045,65355
20160428,044,89122
20160428,043,09868
20160428,042,82940
20160428,041,27033
20160428,040,50323
20160428,039,31903
20160428,038,25455
20160428,037,94627
20160428,036,97608
20160428,035,80799
20160428,034,19812
20160428,033,08525
20160428,032,79442
20160428,031,77351
20160428,030,01121
20160428,029,76024
20160428,028,47304
20160428,027,45449
20160428,026,83690
20160428,025,55488
20160428,024,53166
20160428,023,83659
20160428,022,87863
20160428,021,66260
20160428,020,33312
20160428,019,05336
20160428,018,51711
20160428,017,40951
20160428,016,43241
20160428,015,07455
20160428,014,36421
20160428,013,57510
20160428,012,72602
20160428,011,43357
20160428,010,33905
20160428,009,67896
20160428,008,52466
20160428,007,41733
20160428,006,86673
20160428,005,61024
20160428,004,80980
20160428,003,23493
20160428,002,19053
20160428,001,86803
20160427,120,35134
20160427,119,65285
20160427,118,38161
20160427,117,28526
20160427,116,96666
20160427,115,74395
20160427,114,15378
20160427,113,51548
20160427,112,80137
20160427,111,91354
20160427,110,64889
20160427,109,86496
20160427,108,73141
20160427,107,64806
20160427,106,89930
20160427,105,21719
20160427,104,70914
20160427,103,21181
20160427,102,30762
20160427,101,68135
20160427,100,44035
20160427,099,72477
20160427,098,54219
20160427,097,80032
20160427,096,53122
20160427,095,80770
20160427,094,65398
20160427,093,00164
20160427,092,99721
20160427,091,94526
20160427,090,77895
20160427,089,21455
20160427,088,94966
20160427,087,78264
20160427,086,36980
20160427,085,44960
20160427,084,34643
20160427,083,28345
20160427,082,80957
20160427,081,22481
20160427,080,34579
20160427,079,16747
20160427,078,03016
20160427,077,20909
20160427,076,10132
20160427,075,84743
20160427,074,17648
20160427,073,08980
20160427,072,91975
20160427,071,66859
20160427,070,39414
20160427,069,64287
20160427,068,70595
20160427,067,23428
20160427,066,17005
20160427,065,14435
20160427,064,66700
20160427,063,06444
20160427,062,23906
20160427,061,22256
20160427,060,87151
20160427,059,56708
20160427,058,45350
20160427,057,35393
20160427,056,73379
20160427,055,56865
20160427,054,00680
20160427,053,34824
20160427,052,12533
20160427,051,03524
20160427,050,22610
20160427,049,92337
20160427,048,42638
20160427,047,74683
20160427,046,58448
20160427,045,95389
20160427,044,17232
20160427,043,01658
20160427,042,12915
20160427,041,50409
20160427,040,91955
20160427,039,80557
20160427,038,77140
20160427,037,99516
20160427,036,64082
20160427,035,17533
20160427,034,11841
20160427,033,06351
20160427,032,52366
20160427,031,77583
20160427,030,60233
20160427,029,13862
20160427,028,10022
20160427,027,04863
20160427,026,51585
20160427,025,93401
20160427,024,10631
20160427,023,21070
20160427,022,41984
20160427,021,96090
20160427,020,98583
20160427,019,74182
20160427,018,48179
20160427,017,01994
20160427,016,79370
20160427,015,19629
20160427,014,37014
20160427,013,11164
20160427,012,07177
20160427,011,80321
20160427,010,14235
20160427,009,09798
20160427,008,25247
20160427,007,99127
20160427,006,76610
20160427,005,91395
20160427,004,68286
20160427,003,05251
20160427,002,95030
20160427,001,48349
20160426,120,16843
20160426,119,02047
20160426,118,11742
20160426,117,10031
20160426,116,86159
20160426,115,21640
20160426,114,68717
20160426,113,12654
20160426,112,56349
20160426,111,69096
20160426,110,95331
20160426,109,90019
20160426,108,02917
20160426,107,92446
20160426,106,94764
20160426,105,38524
20160426,104,79605
20160426,103,75008
20160426,102,96116
20160426,101,58518
20160426,100,76166
20160426,099,93685
20160426,098,16822
20160426,097,59572
20160426,096,34594
20160426,095,39143
20160426,094,14831
20160426,093,20869
20160426,092,63722
20160426,091,76235
20160426,090,32126
20160426,089,51792
20160426,088,98898
20160426,087,84341
20160426,086,04591
20160426,085,24889
20160426,084,26619
20160426,083,62627
20160426,082,15115
20160426,081,67778
20160426,080,68351
20160426,079,30423
20160426,078,27548
20160426,077,33269
20160426,076,23192
20160426,075,23400
20160426,074,55523
20160426,073,97209
20160426,072,46452
20160426,071,29415
20160426,070,82713
20160426,069,95910
20160426,068,12771
20160426,067,57543
20160426,066,38984
20160426,065,21390
20160426,064,58387
20160426,063,68958
20160426,062,21007
20160426,061,98264
20160426,060,24133
20160426,059,83388
20160426,058,22018
20160426,057,25078
20160426,056,23548
20160426,055,98534
20160426,054,85536
20160426,053,56673
20160426,052,75786
20160426,051,80966
20160426,050,10581
20160426,049,30747
20160426,048,80290
20160426,047,05058
20160426,046,48800
20160426,045,52991
20160426,044,35160
20160426,043,55365
20160426,042,98371
20160426,041,67989
20160426,040,55481
20160426,039,45087
20160426,038,87407
20160426,037,58324
20160426,036,88073
20160426,035,09127
20160426,034,51820
20160426,033,13028
20160426,032,24752
20160426,031,45891
20160426,030,14167
20160426,029,87282
20160426,028,24677
20160426,027,65390
20160426,026,24859
20160426,025,41395
20160426,024,15658
20160426,023,01293
20160426,022,40625
20160426,021,52211
20160426,020,98924
20160426,019,11463
20160426,018,41567
20160426,017,63963
20160426,016,16311
20160426,015,65221
20160426,014,41687
20160426,013,07539
20160426,012,66831
20160426,011,42129
20160426,010,37727
20160426,009,79967
20160426,008,51779
20160426,007,50089
20160426,006,69861
20160426,005,11323
20160426,004,12036
20160426,003,82030
20160426,002,26670
20160426,001,80491
20160425,120,66961
20160425,119,58763
20160425,118,09390
20160425,117,95197
20160425,116,43495
20160425,115,82557
20160425,114,42994